-- MoneyMatters seed data
-- Generated: 2026-04-04
-- This script reseeds the database with verified portfolio data.
-- Run: sqlite3 money-matters.db < seed.sql
--
-- NOTE: currentPrice / lastUpdated are NOT seeded — they are
--       populated automatically by the price-update scheduler.

PRAGMA foreign_keys = OFF;

BEGIN TRANSACTION;

-- Clear existing data (order matters for FK)
DELETE FROM realized_gains;
DELETE FROM benchmark_prices;
DELETE FROM price_history;
DELETE FROM portfolio_snapshots;
DELETE FROM transactions;
DELETE FROM asset_tags;
DELETE FROM holdings;
DELETE FROM assets;
DELETE FROM tags;
DELETE FROM benchmarks;

-- ============================================================
-- ASSETS (without volatile price data)
-- ============================================================
INSERT INTO assets (id, symbol, isin, name, asset_class, provider, current_price, currency, last_updated, created_at, interest_rate, maturity_date, institution) VALUES ('ZVr1pROvP1urACc8yFozz', 'AAPL', NULL, 'Apple Inc.', 'stocks', 'yahoo_finance', NULL, 'USD', NULL, 1775271648, NULL, NULL, NULL);
INSERT INTO assets (id, symbol, isin, name, asset_class, provider, current_price, currency, last_updated, created_at, interest_rate, maturity_date, institution) VALUES ('Zate5ONus46COQ-xSt6QF', 'AAVAS.NS', NULL, 'AAVAS FINANCIERS LIMITED', 'stocks', 'yahoo_finance', NULL, 'INR', NULL, 1775259213, NULL, NULL, NULL);
INSERT INTO assets (id, symbol, isin, name, asset_class, provider, current_price, currency, last_updated, created_at, interest_rate, maturity_date, institution) VALUES ('5NUZgplEFr72oJJHEjNZN', 'ACC.NS', NULL, 'ACC LIMITED', 'stocks', 'yahoo_finance', NULL, 'INR', NULL, 1775257973, NULL, NULL, NULL);
INSERT INTO assets (id, symbol, isin, name, asset_class, provider, current_price, currency, last_updated, created_at, interest_rate, maturity_date, institution) VALUES ('wIVmrzlSvFCn4Q7ZYhAic', 'ADANIENT.NS', NULL, 'ADANI ENTERPRISES LIMITED', 'stocks', 'yahoo_finance', NULL, 'INR', NULL, 1775257946, NULL, NULL, NULL);
INSERT INTO assets (id, symbol, isin, name, asset_class, provider, current_price, currency, last_updated, created_at, interest_rate, maturity_date, institution) VALUES ('Z4QbsfpJQltB0X-qmD3Y4', 'ADANIGREEN.NS', NULL, 'ADANI GREEN ENERGY LTD', 'stocks', 'yahoo_finance', NULL, 'INR', NULL, 1775257946, NULL, NULL, NULL);
INSERT INTO assets (id, symbol, isin, name, asset_class, provider, current_price, currency, last_updated, created_at, interest_rate, maturity_date, institution) VALUES ('b00hyoNbCzOaXBJuZv3dX', 'ADANIPOWER.NS', NULL, 'ADANI POWER LTD', 'stocks', 'yahoo_finance', NULL, 'INR', NULL, 1775257957, NULL, NULL, NULL);
INSERT INTO assets (id, symbol, isin, name, asset_class, provider, current_price, currency, last_updated, created_at, interest_rate, maturity_date, institution) VALUES ('of0rYhw30y49CdSli-lhb', 'ADBE', NULL, 'Adobe Inc.', 'stocks', 'yahoo_finance', NULL, 'USD', NULL, 1775271648, NULL, NULL, NULL);
INSERT INTO assets (id, symbol, isin, name, asset_class, provider, current_price, currency, last_updated, created_at, interest_rate, maturity_date, institution) VALUES ('BB6s1Cp3HlA2MdnyZQ1tz', 'ADITYA BIRLA SUN LIFE LOW DURATION FUND - DIRECT PLAN.NS', 'INF209K01XU7', 'ADITYA BIRLA SUN LIFE LOW DURATION FUND - DIRECT PLAN', 'mutual_fund_debt', 'manual', NULL, 'INR', NULL, 1775263685, NULL, NULL, NULL);
INSERT INTO assets (id, symbol, isin, name, asset_class, provider, current_price, currency, last_updated, created_at, interest_rate, maturity_date, institution) VALUES ('nyVD0-hMmg9siY4Qan-2V', 'AMBUJACEM.NS', NULL, 'AMBUJA CEMENTS LTD', 'stocks', 'yahoo_finance', NULL, 'INR', NULL, 1775257944, NULL, NULL, NULL);
INSERT INTO assets (id, symbol, isin, name, asset_class, provider, current_price, currency, last_updated, created_at, interest_rate, maturity_date, institution) VALUES ('5Iat4GeuX1SznKVxq5VYU', 'AMZN', NULL, 'Amazon.com Inc.', 'stocks', 'yahoo_finance', NULL, 'USD', NULL, 1775271648, NULL, NULL, NULL);
INSERT INTO assets (id, symbol, isin, name, asset_class, provider, current_price, currency, last_updated, created_at, interest_rate, maturity_date, institution) VALUES ('cwZbtZPztS7kK91tMaSf6', 'APOLLOHOSP.NS', NULL, 'APOLLO HOSPITALS ENTER. L', 'stocks', 'yahoo_finance', NULL, 'INR', NULL, 1775257948, NULL, NULL, NULL);
INSERT INTO assets (id, symbol, isin, name, asset_class, provider, current_price, currency, last_updated, created_at, interest_rate, maturity_date, institution) VALUES ('H9EOjvAZF0BrtrbXA9Rxs', 'ASIANPAINT.NS', NULL, 'ASIAN PAINTS LIMITED', 'stocks', 'yahoo_finance', NULL, 'INR', NULL, 1775257963, NULL, NULL, NULL);
INSERT INTO assets (id, symbol, isin, name, asset_class, provider, current_price, currency, last_updated, created_at, interest_rate, maturity_date, institution) VALUES ('1OwpSzFKUDUsB2tyf_uF2', 'AUTOIETF.NS', NULL, 'ICICIPRAMC - ICICIAUTO', 'etf', 'yahoo_finance', NULL, 'INR', NULL, 1775257968, NULL, NULL, NULL);
INSERT INTO assets (id, symbol, isin, name, asset_class, provider, current_price, currency, last_updated, created_at, interest_rate, maturity_date, institution) VALUES ('E59xLgMh3SNbaT5kgcgJ_', 'AXIS NIFTY SMALLCAP 50 INDEX FUND - DIRECT PLAN.NS', 'INF846K013H3', 'AXIS NIFTY SMALLCAP 50 INDEX FUND - DIRECT PLAN', 'mutual_fund_equity', 'manual', NULL, 'INR', NULL, 1775263684, NULL, NULL, NULL);
INSERT INTO assets (id, symbol, isin, name, asset_class, provider, current_price, currency, last_updated, created_at, interest_rate, maturity_date, institution) VALUES ('JHW7XL6Xj8KHPaBuupBZN', 'BAC', NULL, 'Bank of America Corp.', 'stocks', 'yahoo_finance', NULL, 'USD', NULL, 1775271648, NULL, NULL, NULL);
INSERT INTO assets (id, symbol, isin, name, asset_class, provider, current_price, currency, last_updated, created_at, interest_rate, maturity_date, institution) VALUES ('XOpBki-C9mk_L9n9RL9hH', 'BAJFINANCE.NS', NULL, 'BAJAJ FINANCE LIMITED', 'stocks', 'yahoo_finance', NULL, 'INR', NULL, 1775257962, NULL, NULL, NULL);
INSERT INTO assets (id, symbol, isin, name, asset_class, provider, current_price, currency, last_updated, created_at, interest_rate, maturity_date, institution) VALUES ('OJRorunxAOOhYMlF2PNOq', 'BALRAMCHIN.NS', NULL, 'BALRAMPUR CHINI MILLS LTD', 'stocks', 'yahoo_finance', NULL, 'INR', NULL, 1775257952, NULL, NULL, NULL);
INSERT INTO assets (id, symbol, isin, name, asset_class, provider, current_price, currency, last_updated, created_at, interest_rate, maturity_date, institution) VALUES ('MuEstP5jFFTt78PLeosod', 'BANDHAN SMALL CAP FUND DIRECT PLAN-GROWTH.NS', 'INF194KB1AL4', 'BANDHAN SMALL CAP FUND DIRECT PLAN-GROWTH', 'mutual_fund_equity', 'manual', NULL, 'INR', NULL, 1775263691, NULL, NULL, NULL);
INSERT INTO assets (id, symbol, isin, name, asset_class, provider, current_price, currency, last_updated, created_at, interest_rate, maturity_date, institution) VALUES ('RzRKhlA3ypjz4saHXL-Sr', 'BERGEPAINT.NS', NULL, 'BERGER PAINTS (I) LTD', 'stocks', 'yahoo_finance', NULL, 'INR', NULL, 1775259214, NULL, NULL, NULL);
INSERT INTO assets (id, symbol, isin, name, asset_class, provider, current_price, currency, last_updated, created_at, interest_rate, maturity_date, institution) VALUES ('okLTfwEPhM5GttMnzq902', 'BHARTIARTL.NS', NULL, 'BHARTI AIRTEL LIMITED', 'stocks', 'yahoo_finance', NULL, 'INR', NULL, 1775257942, NULL, NULL, NULL);
INSERT INTO assets (id, symbol, isin, name, asset_class, provider, current_price, currency, last_updated, created_at, interest_rate, maturity_date, institution) VALUES ('7Gnx-aTITzQ84cN_AONAB', 'BIDU', NULL, 'Baidu Inc.', 'stocks', 'yahoo_finance', NULL, 'USD', NULL, 1775271648, NULL, NULL, NULL);
INSERT INTO assets (id, symbol, isin, name, asset_class, provider, current_price, currency, last_updated, created_at, interest_rate, maturity_date, institution) VALUES ('ioA3ZnQMvXBGdQq7YqWy0', 'BONDS-WINTWEALTH', NULL, 'wintWealth', 'bonds', 'manual', NULL, 'INR', NULL, 1775286185, NULL, '2026-11-06', 'KrazyBee May''25');
INSERT INTO assets (id, symbol, isin, name, asset_class, provider, current_price, currency, last_updated, created_at, interest_rate, maturity_date, institution) VALUES ('cUrzkE5thE1a2pe57ztYx', 'BRK-B', NULL, 'Berkshire Hathaway Inc. B', 'stocks', 'yahoo_finance', NULL, 'USD', NULL, 1775271648, NULL, NULL, NULL);
INSERT INTO assets (id, symbol, isin, name, asset_class, provider, current_price, currency, last_updated, created_at, interest_rate, maturity_date, institution) VALUES ('dy9sAMX2LSVlpz-6V7YNy', 'CASH-INDMONEY-WALLET-BALANCE', NULL, 'INDMoney-Wallet-Balance', 'cash', 'manual', NULL, 'USD', NULL, 1775285806, NULL, NULL, 'INDMoney');
INSERT INTO assets (id, symbol, isin, name, asset_class, provider, current_price, currency, last_updated, created_at, interest_rate, maturity_date, institution) VALUES ('pqqW81D-jOuTbrsCmI1KA', 'CASH-KOTAK-SAVINGS-ACCOUNT', NULL, 'Kotak Savings account', 'cash', 'manual', NULL, 'INR', NULL, 1775286308, NULL, NULL, 'Kotak');
INSERT INTO assets (id, symbol, isin, name, asset_class, provider, current_price, currency, last_updated, created_at, interest_rate, maturity_date, institution) VALUES ('1ndPblVXEgeKWrW0PsW9J', 'CASH-ZERODHA-FUND-WALLET', NULL, 'Zerodha-fund-wallet', 'cash', 'manual', NULL, 'INR', NULL, 1775285482, NULL, NULL, 'Zerodha');
INSERT INTO assets (id, symbol, isin, name, asset_class, provider, current_price, currency, last_updated, created_at, interest_rate, maturity_date, institution) VALUES ('W8ad-3wtJ5i_XQlzjqT8T', 'CIPLA.NS', NULL, 'CIPLA LTD', 'stocks', 'yahoo_finance', NULL, 'INR', NULL, 1775257947, NULL, NULL, NULL);
INSERT INTO assets (id, symbol, isin, name, asset_class, provider, current_price, currency, last_updated, created_at, interest_rate, maturity_date, institution) VALUES ('ET1_8rzsGZBLlJeKG3ka7', 'CQQQ', NULL, 'Invesco China Technology ETF', 'etf', 'yahoo_finance', NULL, 'USD', NULL, 1775271648, NULL, NULL, NULL);
INSERT INTO assets (id, symbol, isin, name, asset_class, provider, current_price, currency, last_updated, created_at, interest_rate, maturity_date, institution) VALUES ('wUieQ2F4M6X_jyDvxN2QJ', 'CRM', NULL, 'Salesforce Inc', 'stocks', 'yahoo_finance', NULL, 'USD', NULL, 1775271648, NULL, NULL, NULL);
INSERT INTO assets (id, symbol, isin, name, asset_class, provider, current_price, currency, last_updated, created_at, interest_rate, maturity_date, institution) VALUES ('ey0hjf-dKLL859ddVTIuh', 'DELTACORP.NS', NULL, 'DELTA CORP LIMITED', 'stocks', 'yahoo_finance', NULL, 'INR', NULL, 1775257959, NULL, NULL, NULL);
INSERT INTO assets (id, symbol, isin, name, asset_class, provider, current_price, currency, last_updated, created_at, interest_rate, maturity_date, institution) VALUES ('3KW1ljrXixnOUoTWFEKGz', 'DIS', NULL, 'Walt Disney Co.', 'stocks', 'yahoo_finance', NULL, 'USD', NULL, 1775271648, NULL, NULL, NULL);
INSERT INTO assets (id, symbol, isin, name, asset_class, provider, current_price, currency, last_updated, created_at, interest_rate, maturity_date, institution) VALUES ('O6O-axAo8fF68IUoQ5rT0', 'DIXON.NS', NULL, 'DIXON TECHNO (INDIA) LTD', 'stocks', 'yahoo_finance', NULL, 'INR', NULL, 1775259212, NULL, NULL, NULL);
INSERT INTO assets (id, symbol, isin, name, asset_class, provider, current_price, currency, last_updated, created_at, interest_rate, maturity_date, institution) VALUES ('kFiP7FBPFC2RSlqGrUXWA', 'DLF.NS', NULL, 'DLF LIMITED', 'stocks', 'yahoo_finance', NULL, 'INR', NULL, 1775259211, NULL, NULL, NULL);
INSERT INTO assets (id, symbol, isin, name, asset_class, provider, current_price, currency, last_updated, created_at, interest_rate, maturity_date, institution) VALUES ('ACPv0ezEtg_UWs17enw57', 'DMART.NS', NULL, 'AVENUE SUPERMARTS LIMITED', 'stocks', 'yahoo_finance', NULL, 'INR', NULL, 1775257945, NULL, NULL, NULL);
INSERT INTO assets (id, symbol, isin, name, asset_class, provider, current_price, currency, last_updated, created_at, interest_rate, maturity_date, institution) VALUES ('X35PDG2bimxH5i4n7NWd6', 'EA', NULL, 'Electronic Arts Inc.', 'stocks', 'yahoo_finance', NULL, 'USD', NULL, 1775271648, NULL, NULL, NULL);
INSERT INTO assets (id, symbol, isin, name, asset_class, provider, current_price, currency, last_updated, created_at, interest_rate, maturity_date, institution) VALUES ('LJncFXWyk0PXWwUT7TKDR', 'EPF', NULL, 'EPF', 'epf', 'manual', NULL, 'USD', NULL, 1775279025, NULL, NULL, NULL);
INSERT INTO assets (id, symbol, isin, name, asset_class, provider, current_price, currency, last_updated, created_at, interest_rate, maturity_date, institution) VALUES ('oOzANvFenyMyThzsGVrUJ', 'EPF-EPF-PYKRP00351470000013562', NULL, 'EPF-PYKRP00351470000013562', 'epf', 'manual', NULL, 'INR', NULL, 1775280662, NULL, NULL, 'Thoughtworks');
INSERT INTO assets (id, symbol, isin, name, asset_class, provider, current_price, currency, last_updated, created_at, interest_rate, maturity_date, institution) VALUES ('jQb_C8z3X63CMD68lymje', 'EQUITASBNK.NS', NULL, 'EQUITAS SMALL FIN BNK LTD', 'stocks', 'yahoo_finance', NULL, 'INR', NULL, 1775257964, NULL, NULL, NULL);
INSERT INTO assets (id, symbol, isin, name, asset_class, provider, current_price, currency, last_updated, created_at, interest_rate, maturity_date, institution) VALUES ('crIu-lVfUeGf7wmVIlpCB', 'FEDFINA.NS', NULL, 'FEDBANK FINANCIAL SER L', 'stocks', 'yahoo_finance', NULL, 'INR', NULL, 1775257965, NULL, NULL, NULL);
INSERT INTO assets (id, symbol, isin, name, asset_class, provider, current_price, currency, last_updated, created_at, interest_rate, maturity_date, institution) VALUES ('ZoQv6aA9KznOE_9UzcqZH', 'FIXED_DEPOSIT-DAD-WINTWEALTH', NULL, 'Dad-wintWealth', 'fixed_deposit', 'manual', NULL, 'INR', NULL, 1775284063, NULL, NULL, 'unity');
INSERT INTO assets (id, symbol, isin, name, asset_class, provider, current_price, currency, last_updated, created_at, interest_rate, maturity_date, institution) VALUES ('AXvjlTxe-IgAgUlmjA0gh', 'FMCGIETF.NS', NULL, 'ICICIPRAMC - ICICIFMCG', 'etf', 'yahoo_finance', NULL, 'INR', NULL, 1775257970, NULL, NULL, NULL);
INSERT INTO assets (id, symbol, isin, name, asset_class, provider, current_price, currency, last_updated, created_at, interest_rate, maturity_date, institution) VALUES ('vtN-UNZOZJRMIL1ggpv7r', 'GAIL.NS', NULL, 'GAIL (INDIA) LTD', 'stocks', 'yahoo_finance', NULL, 'INR', NULL, 1775257958, NULL, NULL, NULL);
INSERT INTO assets (id, symbol, isin, name, asset_class, provider, current_price, currency, last_updated, created_at, interest_rate, maturity_date, institution) VALUES ('-tFK5F9Xifil2YeIOikZP', 'GICRE.NS', NULL, 'GENERAL INS CORP OF INDIA', 'stocks', 'yahoo_finance', NULL, 'INR', NULL, 1775257971, NULL, NULL, NULL);
INSERT INTO assets (id, symbol, isin, name, asset_class, provider, current_price, currency, last_updated, created_at, interest_rate, maturity_date, institution) VALUES ('R9QEp0g2rbSDQzo0gaf9x', 'GOLD-PHYSICAL-GOLD-24K(GM)', NULL, 'Physical gold 24k(gm)', 'gold_physical', 'metals_api', NULL, 'INR', NULL, 1775282752, NULL, NULL, NULL);
INSERT INTO assets (id, symbol, isin, name, asset_class, provider, current_price, currency, last_updated, created_at, interest_rate, maturity_date, institution) VALUES ('Tjz8MSMpwW1DXznEC5u6Z', 'GOLDBEES.NS', NULL, 'NIP IND ETF GOLD BEES', 'gold', 'yahoo_finance', NULL, 'INR', NULL, 1775259217, NULL, NULL, NULL);
INSERT INTO assets (id, symbol, isin, name, asset_class, provider, current_price, currency, last_updated, created_at, interest_rate, maturity_date, institution) VALUES ('cVliMw1zKGjSGjmkPxMUL', 'GOLDIETF.NS', NULL, 'ICICI PRUDENTIAL GOLD ETF', 'gold', 'yahoo_finance', NULL, 'INR', NULL, 1775259216, NULL, NULL, NULL);
INSERT INTO assets (id, symbol, isin, name, asset_class, provider, current_price, currency, last_updated, created_at, interest_rate, maturity_date, institution) VALUES ('npJIhVJX05zpLcxiwpo_o', 'GOOG', NULL, 'Alphabet Inc. - Class C', 'stocks', 'yahoo_finance', NULL, 'USD', NULL, 1775271648, NULL, NULL, NULL);
INSERT INTO assets (id, symbol, isin, name, asset_class, provider, current_price, currency, last_updated, created_at, interest_rate, maturity_date, institution) VALUES ('6L4CB1rps9KvY5MOPLhZ5', 'GRASIM.NS', NULL, 'GRASIM INDUSTRIES LTD', 'stocks', 'yahoo_finance', NULL, 'INR', NULL, 1775257944, NULL, NULL, NULL);
INSERT INTO assets (id, symbol, isin, name, asset_class, provider, current_price, currency, last_updated, created_at, interest_rate, maturity_date, institution) VALUES ('t6hnW9_5A-ab5Ho-OBYkH', 'HDFC FLEXICAP FUND - DIRECT PLAN - GROWTH OPTION.NS', 'INF179K01UT0', 'HDFC FLEXICAP FUND - DIRECT PLAN - GROWTH OPTION', 'mutual_fund_equity', 'manual', NULL, 'INR', NULL, 1775263690, NULL, NULL, NULL);
INSERT INTO assets (id, symbol, isin, name, asset_class, provider, current_price, currency, last_updated, created_at, interest_rate, maturity_date, institution) VALUES ('X53kR4dwuiMV-uzznuuup', 'HDFC MID CAP FUND - DIRECT PLAN - GROWTH OPTION.NS', 'INF179K01XQ0', 'HDFC MID CAP FUND - DIRECT PLAN - GROWTH OPTION', 'mutual_fund_equity', 'manual', NULL, 'INR', NULL, 1775263692, NULL, NULL, NULL);
INSERT INTO assets (id, symbol, isin, name, asset_class, provider, current_price, currency, last_updated, created_at, interest_rate, maturity_date, institution) VALUES ('rN1VUvEWFbzyWZh6JHCiq', 'HDFCBANK.NS', NULL, 'HDFC BANK LTD', 'stocks', 'yahoo_finance', NULL, 'INR', NULL, 1775257955, NULL, NULL, NULL);
INSERT INTO assets (id, symbol, isin, name, asset_class, provider, current_price, currency, last_updated, created_at, interest_rate, maturity_date, institution) VALUES ('rkP75clSGvbulkr9vQiXb', 'HDFCBANK.NS', NULL, 'HDFC Bank (Grow)', 'stocks', 'yahoo_finance', NULL, 'INR', NULL, 1775288455, NULL, NULL, NULL);
INSERT INTO assets (id, symbol, isin, name, asset_class, provider, current_price, currency, last_updated, created_at, interest_rate, maturity_date, institution) VALUES ('bIbDvkSR8iZN9WoIYbUHu', 'HDFCSML250.NS', NULL, 'HDFCAMC - HDFCSML250', 'etf', 'yahoo_finance', NULL, 'INR', NULL, 1775259215, NULL, NULL, NULL);
INSERT INTO assets (id, symbol, isin, name, asset_class, provider, current_price, currency, last_updated, created_at, interest_rate, maturity_date, institution) VALUES ('0cHaE_G1F40_aA72nA2on', 'HEALTHIETF.NS', NULL, 'ICICIPRAMC - ICICIPHARM', 'etf', 'yahoo_finance', NULL, 'INR', NULL, 1775257950, NULL, NULL, NULL);
INSERT INTO assets (id, symbol, isin, name, asset_class, provider, current_price, currency, last_updated, created_at, interest_rate, maturity_date, institution) VALUES ('3Nydci6oOW35VR1V1I1hH', 'HINDUNILVR.NS', NULL, 'HINDUSTAN UNILEVER LTD.', 'stocks', 'yahoo_finance', NULL, 'INR', NULL, 1775257961, NULL, NULL, NULL);
INSERT INTO assets (id, symbol, isin, name, asset_class, provider, current_price, currency, last_updated, created_at, interest_rate, maturity_date, institution) VALUES ('CoZ25siAqNn5oqohX2ckn', 'HNDFDS.NS', NULL, 'HINDUSTAN FOODS LIMITED', 'stocks', 'yahoo_finance', NULL, 'INR', NULL, 1775259210, NULL, NULL, NULL);
INSERT INTO assets (id, symbol, isin, name, asset_class, provider, current_price, currency, last_updated, created_at, interest_rate, maturity_date, institution) VALUES ('psMB0wyj4VTmcKG-WXAFL', 'ICICI PRUDENTIAL AGGRESSIVE HYBRID ACTIVE FOF - DIRECT PLAN.NS', 'INF109K01X40', 'ICICI PRUDENTIAL AGGRESSIVE HYBRID ACTIVE FOF - DIRECT PLAN', 'mutual_fund_equity', 'manual', NULL, 'INR', NULL, 1775263695, NULL, NULL, NULL);
INSERT INTO assets (id, symbol, isin, name, asset_class, provider, current_price, currency, last_updated, created_at, interest_rate, maturity_date, institution) VALUES ('p9s5WoWAKRSQURWc7-s6Z', 'ICICI PRUDENTIAL PASSIVE MULTI-ASSET FOF DIRECT PLAN GROWTH.NS', 'INF109KC1Y15', 'ICICI PRUDENTIAL PASSIVE MULTI-ASSET FOF DIRECT PLAN GROWTH', 'mutual_fund_equity', 'manual', NULL, 'INR', NULL, 1775263693, NULL, NULL, NULL);
INSERT INTO assets (id, symbol, isin, name, asset_class, provider, current_price, currency, last_updated, created_at, interest_rate, maturity_date, institution) VALUES ('cy8-oD5I-rQXnwbFk2Ab8', 'ICICI PRUDENTIAL SHORT TERM FUND - DIRECT PLAN.NS', 'INF109K013N3', 'ICICI PRUDENTIAL SHORT TERM FUND - DIRECT PLAN', 'mutual_fund_debt', 'manual', NULL, 'INR', NULL, 1775263686, NULL, NULL, NULL);
INSERT INTO assets (id, symbol, isin, name, asset_class, provider, current_price, currency, last_updated, created_at, interest_rate, maturity_date, institution) VALUES ('fHeS5LhYC6K-8LRPPyMS2', 'ICICIBANK.NS', NULL, 'ICICI BANK LTD.', 'stocks', 'yahoo_finance', NULL, 'INR', NULL, 1775257953, NULL, NULL, NULL);
INSERT INTO assets (id, symbol, isin, name, asset_class, provider, current_price, currency, last_updated, created_at, interest_rate, maturity_date, institution) VALUES ('Ipin4_DxL__SMszU6eEia', 'IDFCFIRSTB.NS', NULL, 'IDFC FIRST BANK LIMITED', 'stocks', 'yahoo_finance', NULL, 'INR', NULL, 1775257965, NULL, NULL, NULL);
INSERT INTO assets (id, symbol, isin, name, asset_class, provider, current_price, currency, last_updated, created_at, interest_rate, maturity_date, institution) VALUES ('1gIICAtb2EtUoc2mF0YHt', 'IEX.NS', NULL, 'INDIAN ENERGY EXC LTD', 'stocks', 'yahoo_finance', NULL, 'INR', NULL, 1775257956, NULL, NULL, NULL);
INSERT INTO assets (id, symbol, isin, name, asset_class, provider, current_price, currency, last_updated, created_at, interest_rate, maturity_date, institution) VALUES ('m4X85IcncCi5gBOu7cp6Z', 'INF846K01CX4', 'INF846K01CX4', 'AXIS LIQUID FUND - DIRECT PLAN', 'mutual_fund_debt', 'manual', NULL, 'INR', NULL, 1775263691, NULL, NULL, NULL);
INSERT INTO assets (id, symbol, isin, name, asset_class, provider, current_price, currency, last_updated, created_at, interest_rate, maturity_date, institution) VALUES ('hSIN-8HIM5Tj7R3ec9l3s', 'INFY.NS', NULL, 'INFOSYS LIMITED', 'stocks', 'yahoo_finance', NULL, 'INR', NULL, 1775257943, NULL, NULL, NULL);
INSERT INTO assets (id, symbol, isin, name, asset_class, provider, current_price, currency, last_updated, created_at, interest_rate, maturity_date, institution) VALUES ('Y_vOeXtOv9ZbzRSmj-khn', 'IT.NS', NULL, 'KOTAKMAMC - KOTAKIT', 'stocks', 'yahoo_finance', NULL, 'INR', NULL, 1775259214, NULL, NULL, NULL);
INSERT INTO assets (id, symbol, isin, name, asset_class, provider, current_price, currency, last_updated, created_at, interest_rate, maturity_date, institution) VALUES ('ld5qdoegXISLSwhBZT___', 'ITC.NS', NULL, 'ITC LTD', 'stocks', 'yahoo_finance', NULL, 'INR', NULL, 1775259209, NULL, NULL, NULL);
INSERT INTO assets (id, symbol, isin, name, asset_class, provider, current_price, currency, last_updated, created_at, interest_rate, maturity_date, institution) VALUES ('RQu3Wjta08_if9sSraXeT', 'JD', NULL, 'JD.com Inc.', 'stocks', 'yahoo_finance', NULL, 'USD', NULL, 1775271648, NULL, NULL, NULL);
INSERT INTO assets (id, symbol, isin, name, asset_class, provider, current_price, currency, last_updated, created_at, interest_rate, maturity_date, institution) VALUES ('lPLkAophMES_oB52DhD4C', 'JIOFIN.NS', NULL, 'JIO FIN SERVICES LTD', 'stocks', 'yahoo_finance', NULL, 'INR', NULL, 1775257966, NULL, NULL, NULL);
INSERT INTO assets (id, symbol, isin, name, asset_class, provider, current_price, currency, last_updated, created_at, interest_rate, maturity_date, institution) VALUES ('MZqq0-1bkvGgXzgkVuyw4', 'JUNIORBEES.NS', NULL, 'NIP IND ETF JUNIOR BEES', 'etf', 'yahoo_finance', NULL, 'INR', NULL, 1775257949, NULL, NULL, NULL);
INSERT INTO assets (id, symbol, isin, name, asset_class, provider, current_price, currency, last_updated, created_at, interest_rate, maturity_date, institution) VALUES ('WJMBa76QQCiQk2cG7WXQm', 'KALYANKJIL.NS', NULL, 'KALYAN JEWELLERS IND LTD', 'stocks', 'yahoo_finance', NULL, 'INR', NULL, 1775259211, NULL, NULL, NULL);
INSERT INTO assets (id, symbol, isin, name, asset_class, provider, current_price, currency, last_updated, created_at, interest_rate, maturity_date, institution) VALUES ('Z_s8ouROQ54vSE1-zWSoT', 'KO', NULL, 'Coca-Cola Co.', 'stocks', 'yahoo_finance', NULL, 'USD', NULL, 1775271648, NULL, NULL, NULL);
INSERT INTO assets (id, symbol, isin, name, asset_class, provider, current_price, currency, last_updated, created_at, interest_rate, maturity_date, institution) VALUES ('2zhERUylgIABWnrE0MO8l', 'KOTAKBANK.NS', NULL, 'KOTAK MAHINDRA BANK LTD', 'stocks', 'yahoo_finance', NULL, 'INR', NULL, 1775257960, NULL, NULL, NULL);
INSERT INTO assets (id, symbol, isin, name, asset_class, provider, current_price, currency, last_updated, created_at, interest_rate, maturity_date, institution) VALUES ('m7otwxA35owAEaJvalbZ2', 'KWIL.NS', NULL, 'KWALITY WALLS (INDIA) LTD', 'stocks', 'yahoo_finance', NULL, 'INR', NULL, 1775263077, NULL, NULL, NULL);
INSERT INTO assets (id, symbol, isin, name, asset_class, provider, current_price, currency, last_updated, created_at, interest_rate, maturity_date, institution) VALUES ('4SztUQhKXyPH8GkBKQ0dw', 'LALPATHLAB.NS', NULL, 'DR. LAL PATH LABS LTD.', 'stocks', 'yahoo_finance', NULL, 'INR', NULL, 1775259210, NULL, NULL, NULL);
INSERT INTO assets (id, symbol, isin, name, asset_class, provider, current_price, currency, last_updated, created_at, interest_rate, maturity_date, institution) VALUES ('Ssm-PMrBkFQ8JnDqy62Y3', 'LENDED-RAHIT-AVI', NULL, 'Rahit-avi', 'lended', 'manual', NULL, 'INR', NULL, 1775283726, 0, NULL, 'Avi');
INSERT INTO assets (id, symbol, isin, name, asset_class, provider, current_price, currency, last_updated, created_at, interest_rate, maturity_date, institution) VALUES ('_HPncdXzTkVrCSQOgG59X', 'LENDED-RAHIT-VIVI', NULL, 'Rahit-Vivi', 'lended', 'manual', NULL, 'INR', NULL, 1775283787, 0, NULL, 'Viviani');
INSERT INTO assets (id, symbol, isin, name, asset_class, provider, current_price, currency, last_updated, created_at, interest_rate, maturity_date, institution) VALUES ('QahyXtytRVpAQDExa5akA', 'LT.NS', NULL, 'LARSEN & TOUBRO LTD.', 'stocks', 'yahoo_finance', NULL, 'INR', NULL, 1775257958, NULL, NULL, NULL);
INSERT INTO assets (id, symbol, isin, name, asset_class, provider, current_price, currency, last_updated, created_at, interest_rate, maturity_date, institution) VALUES ('QrX0XEypchz7FQOQXmSK4', 'MCHI', NULL, 'iShares MSCI China ETF', 'etf', 'yahoo_finance', NULL, 'USD', NULL, 1775271648, NULL, NULL, NULL);
INSERT INTO assets (id, symbol, isin, name, asset_class, provider, current_price, currency, last_updated, created_at, interest_rate, maturity_date, institution) VALUES ('_Jt2pDh51o61ipkExjllh', 'MEDIASSIST.NS', NULL, 'MEDI ASSIST HEALTH SER L', 'stocks', 'yahoo_finance', NULL, 'INR', NULL, 1775257973, NULL, NULL, NULL);
INSERT INTO assets (id, symbol, isin, name, asset_class, provider, current_price, currency, last_updated, created_at, interest_rate, maturity_date, institution) VALUES ('SngkxuZPi2LohlUSTVB_3', 'META', NULL, 'Meta Platforms Inc', 'stocks', 'yahoo_finance', NULL, 'USD', NULL, 1775271648, NULL, NULL, NULL);
INSERT INTO assets (id, symbol, isin, name, asset_class, provider, current_price, currency, last_updated, created_at, interest_rate, maturity_date, institution) VALUES ('GH3u7itu2Vxk5ZkpiCwnl', 'MIRAE ASSET TAX SAVER FUND - DIRECT PLAN.NS', 'INF769K01DM9', 'MIRAE ASSET ELSS TAX SAVER FUND - DIRECT PLAN', 'mutual_fund_equity', 'manual', NULL, 'INR', NULL, 1775263683, NULL, NULL, NULL);
INSERT INTO assets (id, symbol, isin, name, asset_class, provider, current_price, currency, last_updated, created_at, interest_rate, maturity_date, institution) VALUES ('Ae3Ka5MCS4znFBBv4dQ-p', 'MOMOMENTUM.NS', NULL, 'MOTILALAMC - MOMOMENTUM', 'etf', 'yahoo_finance', NULL, 'INR', NULL, 1775257967, NULL, NULL, NULL);
INSERT INTO assets (id, symbol, isin, name, asset_class, provider, current_price, currency, last_updated, created_at, interest_rate, maturity_date, institution) VALUES ('vignqUdXAT6RYVc7AvYfB', 'MON100.NS', NULL, 'Motilal Oswal Nasdaq 100 ETF', 'etf', 'yahoo_finance', NULL, 'INR', NULL, 1775288063, NULL, NULL, NULL);
INSERT INTO assets (id, symbol, isin, name, asset_class, provider, current_price, currency, last_updated, created_at, interest_rate, maturity_date, institution) VALUES ('2GwoYAOHj2DtFdIDyWyEt', 'MOREALTY.NS', NULL, 'MOTILALAMC - MOREALTY', 'etf', 'yahoo_finance', NULL, 'INR', NULL, 1775257971, NULL, NULL, NULL);
INSERT INTO assets (id, symbol, isin, name, asset_class, provider, current_price, currency, last_updated, created_at, interest_rate, maturity_date, institution) VALUES ('RMCIVF2b_pZ6QQeL0rIzC', 'MSFT', NULL, 'Microsoft Corporation', 'stocks', 'yahoo_finance', NULL, 'USD', NULL, 1775271648, NULL, NULL, NULL);
INSERT INTO assets (id, symbol, isin, name, asset_class, provider, current_price, currency, last_updated, created_at, interest_rate, maturity_date, institution) VALUES ('wT3vhMY-I7sFT_qFFPy9H', 'NEXT50.NS', NULL, 'MIRAEAMC - MANXT50', 'etf', 'yahoo_finance', NULL, 'INR', NULL, 1775259209, NULL, NULL, NULL);
INSERT INTO assets (id, symbol, isin, name, asset_class, provider, current_price, currency, last_updated, created_at, interest_rate, maturity_date, institution) VALUES ('x8nGfpIAUvqO7TLhtBxnD', 'NFLX', NULL, 'Netflix Inc.', 'stocks', 'yahoo_finance', NULL, 'USD', NULL, 1775271648, NULL, NULL, NULL);
INSERT INTO assets (id, symbol, isin, name, asset_class, provider, current_price, currency, last_updated, created_at, interest_rate, maturity_date, institution) VALUES ('8Rq-TMsY1cN5dlnJ0y8Dj', 'NIFTYIETF.NS', NULL, 'ICICI PRUD NIFTY ETF', 'etf', 'yahoo_finance', NULL, 'INR', NULL, 1775257964, NULL, NULL, NULL);
INSERT INTO assets (id, symbol, isin, name, asset_class, provider, current_price, currency, last_updated, created_at, interest_rate, maturity_date, institution) VALUES ('UjIDPPP2aKXlkmdJHkCXv', 'NIPPON INDIA NIFTY 50 VALUE 20 INDEX FUND - DIRECT PLAN.NS', 'INF204KB12Z0', 'NIPPON INDIA NIFTY 50 VALUE 20 INDEX FUND - DIRECT PLAN', 'mutual_fund_equity', 'manual', NULL, 'INR', NULL, 1775263690, NULL, NULL, NULL);
INSERT INTO assets (id, symbol, isin, name, asset_class, provider, current_price, currency, last_updated, created_at, interest_rate, maturity_date, institution) VALUES ('PZeqYUIvZvO62YZPbvRe9', 'NIPPON INDIA ULTRA SHORT DURATION FUND - DIRECT PLAN.NS', 'INF204K01YH3', 'NIPPON INDIA ULTRA SHORT DURATION FUND - DIRECT PLAN', 'mutual_fund_debt', 'manual', NULL, 'INR', NULL, 1775263685, NULL, NULL, NULL);
INSERT INTO assets (id, symbol, isin, name, asset_class, provider, current_price, currency, last_updated, created_at, interest_rate, maturity_date, institution) VALUES ('y7gb5p7n5InOT_ZHN5wLf', 'NKE', NULL, 'Nike Inc.', 'stocks', 'yahoo_finance', NULL, 'USD', NULL, 1775271648, NULL, NULL, NULL);
INSERT INTO assets (id, symbol, isin, name, asset_class, provider, current_price, currency, last_updated, created_at, interest_rate, maturity_date, institution) VALUES ('eENzoRs09eRI8t1Be6kVk', 'NMDC.NS', NULL, 'NMDC LTD.', 'stocks', 'yahoo_finance', NULL, 'INR', NULL, 1775257956, NULL, NULL, NULL);
INSERT INTO assets (id, symbol, isin, name, asset_class, provider, current_price, currency, last_updated, created_at, interest_rate, maturity_date, institution) VALUES ('sKrvAFoQdkFC9bdTaqm8e', 'NPS-NPS-TIER-I-ACCOUNT', NULL, 'NPS-Tier I Account', 'nps', 'manual', NULL, 'INR', NULL, 1775281278, NULL, NULL, 'HDFC PENSION FUND MANAGEMENT LIMITED');
INSERT INTO assets (id, symbol, isin, name, asset_class, provider, current_price, currency, last_updated, created_at, interest_rate, maturity_date, institution) VALUES ('F8M30imWOPGd7HxFguJNR', 'NSLNISP.NS', NULL, 'NMDC STEEL LIMITED', 'stocks', 'yahoo_finance', NULL, 'INR', NULL, 1775257959, NULL, NULL, NULL);
INSERT INTO assets (id, symbol, isin, name, asset_class, provider, current_price, currency, last_updated, created_at, interest_rate, maturity_date, institution) VALUES ('Se2kDpdFWzqdJ3H-phwoR', 'ONGC.NS', NULL, 'OIL AND NATURAL GAS CORP.', 'stocks', 'yahoo_finance', NULL, 'INR', NULL, 1775257952, NULL, NULL, NULL);
INSERT INTO assets (id, symbol, isin, name, asset_class, provider, current_price, currency, last_updated, created_at, interest_rate, maturity_date, institution) VALUES ('uRxzQepiwuHzZ_rnAqy0_', 'PARAG PARIKH FLEXI CAP FUND - DIRECT PLAN GROWTH.NS', 'INF879O01027', 'PARAG PARIKH FLEXI CAP FUND - DIRECT PLAN GROWTH', 'mutual_fund_equity', 'manual', NULL, 'INR', NULL, 1775263694, NULL, NULL, NULL);
INSERT INTO assets (id, symbol, isin, name, asset_class, provider, current_price, currency, last_updated, created_at, interest_rate, maturity_date, institution) VALUES ('PK6eWXmCySHUwQ0cdoKvJ', 'PG', NULL, 'Procter & Gamble Co.', 'stocks', 'yahoo_finance', NULL, 'USD', NULL, 1775271648, NULL, NULL, NULL);
INSERT INTO assets (id, symbol, isin, name, asset_class, provider, current_price, currency, last_updated, created_at, interest_rate, maturity_date, institution) VALUES ('7NqrB4h0r8HJPmrm7rBSE', 'PLTR', NULL, 'Palantir Technologies Inc.', 'stocks', 'yahoo_finance', NULL, 'USD', NULL, 1775271648, NULL, NULL, NULL);
INSERT INTO assets (id, symbol, isin, name, asset_class, provider, current_price, currency, last_updated, created_at, interest_rate, maturity_date, institution) VALUES ('SCPI1U90p1TgWpruAS4fv', 'PNB.NS', NULL, 'PUNJAB NATIONAL BANK', 'stocks', 'yahoo_finance', NULL, 'INR', NULL, 1775257970, NULL, NULL, NULL);
INSERT INTO assets (id, symbol, isin, name, asset_class, provider, current_price, currency, last_updated, created_at, interest_rate, maturity_date, institution) VALUES ('t6pXxaTKwHagFq5VpJLbH', 'PORTFOLIO-DADS-INVESTMENTS', NULL, 'Dad''s Portfolio', 'external_portfolio', 'manual', NULL, 'INR', NULL, 1775286700, NULL, NULL, 'Dad''s Broker');
INSERT INTO assets (id, symbol, isin, name, asset_class, provider, current_price, currency, last_updated, created_at, interest_rate, maturity_date, institution) VALUES ('oWafrpUwYMY6Ry4eoON1U', 'PPF-SBI-PPF-ACCOUNT', NULL, 'SBI PPF Account', 'ppf', 'manual', NULL, 'INR', NULL, 1775280483, 7.1, NULL, 'SBI');
INSERT INTO assets (id, symbol, isin, name, asset_class, provider, current_price, currency, last_updated, created_at, interest_rate, maturity_date, institution) VALUES ('cmmMUqjeBI6Vn86bpddPy', 'QQQ', NULL, 'Invesco QQQ Trust', 'etf', 'yahoo_finance', NULL, 'USD', NULL, 1775271648, NULL, NULL, NULL);
INSERT INTO assets (id, symbol, isin, name, asset_class, provider, current_price, currency, last_updated, created_at, interest_rate, maturity_date, institution) VALUES ('_vmYTL-30UemMHZPWsuBS', 'QUANT ELSS TAX SAVER FUND - DIRECT PLAN.NS', 'INF966L01986', 'QUANT ELSS TAX SAVER FUND - DIRECT PLAN', 'mutual_fund_equity', 'manual', NULL, 'INR', NULL, 1775263687, NULL, NULL, NULL);
INSERT INTO assets (id, symbol, isin, name, asset_class, provider, current_price, currency, last_updated, created_at, interest_rate, maturity_date, institution) VALUES ('iV_8sR4mH7Ofk_PyeI9l4', 'QUANT MID CAP FUND - DIRECT PLAN.NS', 'INF966L01887', 'QUANT MID CAP FUND - DIRECT PLAN', 'mutual_fund_equity', 'manual', NULL, 'INR', NULL, 1775263688, NULL, NULL, NULL);
INSERT INTO assets (id, symbol, isin, name, asset_class, provider, current_price, currency, last_updated, created_at, interest_rate, maturity_date, institution) VALUES ('oEWONGCYwHosZF3srq_zW', 'QUANT SMALL CAP FUND - DIRECT PLAN.NS', 'INF966L01689', 'QUANT SMALL CAP FUND - DIRECT PLAN', 'mutual_fund_equity', 'manual', NULL, 'INR', NULL, 1775263688, NULL, NULL, NULL);
INSERT INTO assets (id, symbol, isin, name, asset_class, provider, current_price, currency, last_updated, created_at, interest_rate, maturity_date, institution) VALUES ('S5K9E2C8CrahmfwluwcyL', 'RELIANCE.NS', NULL, 'RELIANCE INDUSTRIES LTD', 'stocks', 'yahoo_finance', NULL, 'INR', NULL, 1775257954, NULL, NULL, NULL);
INSERT INTO assets (id, symbol, isin, name, asset_class, provider, current_price, currency, last_updated, created_at, interest_rate, maturity_date, institution) VALUES ('EhWNjA1gjpmq4u8iWaBR9', 'SBICARD.NS', NULL, 'SBI CARDS & PAY SER LTD', 'stocks', 'yahoo_finance', NULL, 'INR', NULL, 1775257961, NULL, NULL, NULL);
INSERT INTO assets (id, symbol, isin, name, asset_class, provider, current_price, currency, last_updated, created_at, interest_rate, maturity_date, institution) VALUES ('YyaryHilHCAi7WOCjkaUT', 'SILVER-PHYSICAL-SILVER(GM)', NULL, 'Physical Silver(gm)', 'silver_physical', 'metals_api', NULL, 'INR', NULL, 1775284455, NULL, NULL, NULL);
INSERT INTO assets (id, symbol, isin, name, asset_class, provider, current_price, currency, last_updated, created_at, interest_rate, maturity_date, institution) VALUES ('1wMESz1iqwdjJ_HuaEE6I', 'SILVER.NS', NULL, 'BIRLASLAMC - SILVER', 'silver', 'yahoo_finance', NULL, 'INR', NULL, 1775259216, NULL, NULL, NULL);
INSERT INTO assets (id, symbol, isin, name, asset_class, provider, current_price, currency, last_updated, created_at, interest_rate, maturity_date, institution) VALUES ('fm-iWa30iqVhsLqpymR5I', 'SILVERBEES.NS', NULL, 'NIPPONAMC - NETFSILVER', 'silver', 'yahoo_finance', NULL, 'INR', NULL, 1775257968, NULL, NULL, NULL);
INSERT INTO assets (id, symbol, isin, name, asset_class, provider, current_price, currency, last_updated, created_at, interest_rate, maturity_date, institution) VALUES ('7EvP9hlZHIEnV0YVpaU1n', 'SILVERIETF.NS', NULL, 'ICICIPRAMC - ICICISILVE', 'silver', 'yahoo_finance', NULL, 'INR', NULL, 1775257967, NULL, NULL, NULL);
INSERT INTO assets (id, symbol, isin, name, asset_class, provider, current_price, currency, last_updated, created_at, interest_rate, maturity_date, institution) VALUES ('wYY49PTJMk94vV20R-1Dh', 'SWIGGY.NS', NULL, 'SWIGGY LIMITED', 'stocks', 'yahoo_finance', NULL, 'INR', NULL, 1775259212, NULL, NULL, NULL);
INSERT INTO assets (id, symbol, isin, name, asset_class, provider, current_price, currency, last_updated, created_at, interest_rate, maturity_date, institution) VALUES ('AEh6gDOIsdEG-jCaAJCbN', 'TATAMOTORS.NS', NULL, 'TATAMOTORS', 'stocks', 'yahoo_finance', NULL, 'INR', NULL, 1775257947, NULL, NULL, NULL);
INSERT INTO assets (id, symbol, isin, name, asset_class, provider, current_price, currency, last_updated, created_at, interest_rate, maturity_date, institution) VALUES ('pqVgopBe9kb3bip22dEcG', 'TATAPOWER.NS', NULL, 'TATA POWER CO LTD', 'stocks', 'yahoo_finance', NULL, 'INR', NULL, 1775257949, NULL, NULL, NULL);
INSERT INTO assets (id, symbol, isin, name, asset_class, provider, current_price, currency, last_updated, created_at, interest_rate, maturity_date, institution) VALUES ('estuXUjBPl79eyL1ap6Yc', 'TATASTEEL.NS', NULL, 'TATA STEEL LIMITED', 'stocks', 'yahoo_finance', NULL, 'INR', NULL, 1775257955, NULL, NULL, NULL);
INSERT INTO assets (id, symbol, isin, name, asset_class, provider, current_price, currency, last_updated, created_at, interest_rate, maturity_date, institution) VALUES ('d5FPX6WCzjTmydIqkQOoU', 'TCS.NS', NULL, 'TATA CONSULTANCY SERV LT', 'stocks', 'yahoo_finance', NULL, 'INR', NULL, 1775257943, NULL, NULL, NULL);
INSERT INTO assets (id, symbol, isin, name, asset_class, provider, current_price, currency, last_updated, created_at, interest_rate, maturity_date, institution) VALUES ('SFSz6BLvFzen_LDOIA1sN', 'TM', NULL, 'Toyota Motor Corp.', 'stocks', 'yahoo_finance', NULL, 'USD', NULL, 1775271648, NULL, NULL, NULL);
INSERT INTO assets (id, symbol, isin, name, asset_class, provider, current_price, currency, last_updated, created_at, interest_rate, maturity_date, institution) VALUES ('LNsQ6zPpxh9_vnDK03MWW', 'TRENT.NS', NULL, 'TRENT LTD', 'stocks', 'yahoo_finance', NULL, 'INR', NULL, 1775257969, NULL, NULL, NULL);
INSERT INTO assets (id, symbol, isin, name, asset_class, provider, current_price, currency, last_updated, created_at, interest_rate, maturity_date, institution) VALUES ('kGRkMIO6FH5L5o8f9T8DH', 'TSLA', NULL, 'Tesla Inc.', 'stocks', 'yahoo_finance', NULL, 'USD', NULL, 1775271648, NULL, NULL, NULL);
INSERT INTO assets (id, symbol, isin, name, asset_class, provider, current_price, currency, last_updated, created_at, interest_rate, maturity_date, institution) VALUES ('13_bCyUdR1A9cGy4xMOWa', 'UBER', NULL, 'Uber Technologies Inc.', 'stocks', 'yahoo_finance', NULL, 'USD', NULL, 1775271648, NULL, NULL, NULL);
INSERT INTO assets (id, symbol, isin, name, asset_class, provider, current_price, currency, last_updated, created_at, interest_rate, maturity_date, institution) VALUES ('F61Ne3m7hHy3PSHsOIHZf', 'VEHICLE-HONDA-AMAZE-2019', NULL, 'Honda Amaze 2019', 'vehicle', 'manual', NULL, 'INR', NULL, 1775286074, NULL, NULL, 'Amaze VXI 2019');
INSERT INTO assets (id, symbol, isin, name, asset_class, provider, current_price, currency, last_updated, created_at, interest_rate, maturity_date, institution) VALUES ('tcQue2BfVzmazjMuovA5U', 'VOO', NULL, 'Vanguard S&P 500 ETF', 'etf', 'yahoo_finance', NULL, 'USD', NULL, 1775271648, NULL, NULL, NULL);
INSERT INTO assets (id, symbol, isin, name, asset_class, provider, current_price, currency, last_updated, created_at, interest_rate, maturity_date, institution) VALUES ('RAyfN-DhbaotmZvtcn2IO', 'WHIRLPOOL.NS', NULL, 'WHIRLPOOL OF INDIA LTD', 'stocks', 'yahoo_finance', NULL, 'INR', NULL, 1775257972, NULL, NULL, NULL);
INSERT INTO assets (id, symbol, isin, name, asset_class, provider, current_price, currency, last_updated, created_at, interest_rate, maturity_date, institution) VALUES ('XVTaZG8yq1Nub2h2dlymf', 'WIPRO.NS', NULL, 'WIPRO LTD', 'stocks', 'yahoo_finance', NULL, 'INR', NULL, 1775257953, NULL, NULL, NULL);
INSERT INTO assets (id, symbol, isin, name, asset_class, provider, current_price, currency, last_updated, created_at, interest_rate, maturity_date, institution) VALUES ('x_DGaOvzPWWXtjcItSGx_', 'YESBANK.NS', NULL, 'YES BANK LIMITED', 'stocks', 'yahoo_finance', NULL, 'INR', NULL, 1775257962, NULL, NULL, NULL);

-- ============================================================
-- TRANSACTIONS
-- ============================================================
INSERT INTO transactions (id, asset_id, type, quantity, price, fees, transaction_date, notes, created_at) VALUES ('58SGlvaIyQNdZ99CqkCu5', 'okLTfwEPhM5GttMnzq902', 'buy', 3, 723, 0, '2022-01-28', 'NSE', 1775257942);
INSERT INTO transactions (id, asset_id, type, quantity, price, fees, transaction_date, notes, created_at) VALUES ('x_SiWfKHk1vvOax9AqaFZ', 'hSIN-8HIM5Tj7R3ec9l3s', 'buy', 1, 1707.5, 0, '2022-01-28', 'NSE', 1775257943);
INSERT INTO transactions (id, asset_id, type, quantity, price, fees, transaction_date, notes, created_at) VALUES ('sJ8loRWYgRskuJsuXlJrx', 'd5FPX6WCzjTmydIqkQOoU', 'buy', 1, 3748, 0, '2022-01-31', 'NSE', 1775257943);
INSERT INTO transactions (id, asset_id, type, quantity, price, fees, transaction_date, notes, created_at) VALUES ('vxEJRO7WCnEEjDyOy8qoa', '6L4CB1rps9KvY5MOPLhZ5', 'buy', 1, 1735, 0, '2022-02-01', 'NSE', 1775257944);
INSERT INTO transactions (id, asset_id, type, quantity, price, fees, transaction_date, notes, created_at) VALUES ('DQFbMYGadZ9Qdtt5rJEeg', 'nyVD0-hMmg9siY4Qan-2V', 'buy', 5, 384, 0, '2022-02-02', 'NSE', 1775257944);
INSERT INTO transactions (id, asset_id, type, quantity, price, fees, transaction_date, notes, created_at) VALUES ('yGeC2cWxJB9pWz6ZObN7o', 'ACPv0ezEtg_UWs17enw57', 'buy', 1, 4235, 0, '2022-02-02', 'NSE', 1775257945);
INSERT INTO transactions (id, asset_id, type, quantity, price, fees, transaction_date, notes, created_at) VALUES ('6OmMZRaXoULIJAXn1k66_', 'wIVmrzlSvFCn4Q7ZYhAic', 'buy', 1, 1752.900024, 0, '2022-02-02', 'NSE', 1775257946);
INSERT INTO transactions (id, asset_id, type, quantity, price, fees, transaction_date, notes, created_at) VALUES ('pWcbTo68btBhdiOJu1StP', 'd5FPX6WCzjTmydIqkQOoU', 'buy', 1, 3613, 0, '2022-02-22', 'NSE', 1775257943);
INSERT INTO transactions (id, asset_id, type, quantity, price, fees, transaction_date, notes, created_at) VALUES ('pMceBshAgJ_d09m7eT-C0', 'hSIN-8HIM5Tj7R3ec9l3s', 'buy', 1, 1695, 0, '2022-02-24', 'NSE', 1775257943);
INSERT INTO transactions (id, asset_id, type, quantity, price, fees, transaction_date, notes, created_at) VALUES ('qAKqb3ZwM5ucB20gGjFtQ', 'd5FPX6WCzjTmydIqkQOoU', 'buy', 1, 3470, 0, '2022-02-24', 'NSE', 1775257943);
INSERT INTO transactions (id, asset_id, type, quantity, price, fees, transaction_date, notes, created_at) VALUES ('x68biPWX7-Er0W0H-gPMT', 'Z4QbsfpJQltB0X-qmD3Y4', 'buy', 1, 1885, 0, '2022-02-24', 'NSE', 1775257946);
INSERT INTO transactions (id, asset_id, type, quantity, price, fees, transaction_date, notes, created_at) VALUES ('OS9HofkQP5bo13Aos6jF4', 'AEh6gDOIsdEG-jCaAJCbN', 'buy', 2, 450, 0, '2022-02-24', 'NSE', 1775257947);
INSERT INTO transactions (id, asset_id, type, quantity, price, fees, transaction_date, notes, created_at) VALUES ('0zsoaNRwoTfpxlxedX3Qi', 'ACPv0ezEtg_UWs17enw57', 'sell', 1, 4311.399902, 0, '2022-03-02', 'NSE', 1775257945);
INSERT INTO transactions (id, asset_id, type, quantity, price, fees, transaction_date, notes, created_at) VALUES ('Wn0lGKUE1a-dOkBUZOpeq', 'W8ad-3wtJ5i_XQlzjqT8T', 'buy', 2, 933, 0, '2022-03-03', 'NSE', 1775257947);
INSERT INTO transactions (id, asset_id, type, quantity, price, fees, transaction_date, notes, created_at) VALUES ('7_5hb6htVzl8hMyRL2U6T', 'cwZbtZPztS7kK91tMaSf6', 'buy', 1, 4911, 0, '2022-03-03', 'NSE', 1775257948);
INSERT INTO transactions (id, asset_id, type, quantity, price, fees, transaction_date, notes, created_at) VALUES ('xp94BXhiqAAbwq6jfxEjb', 'pqVgopBe9kb3bip22dEcG', 'buy', 10, 226, 0, '2022-03-03', 'NSE', 1775257949);
INSERT INTO transactions (id, asset_id, type, quantity, price, fees, transaction_date, notes, created_at) VALUES ('hnaLTsWcmzNgWltQxZQEu', 'Z4QbsfpJQltB0X-qmD3Y4', 'sell', 1, 1920, 0, '2022-03-04', 'NSE', 1775257946);
INSERT INTO transactions (id, asset_id, type, quantity, price, fees, transaction_date, notes, created_at) VALUES ('PLDtGreCDYjUvs5SC0yMg', 'hSIN-8HIM5Tj7R3ec9l3s', 'sell', 2, 1776, 0, '2022-03-08', 'NSE', 1775257943);
INSERT INTO transactions (id, asset_id, type, quantity, price, fees, transaction_date, notes, created_at) VALUES ('UZW16x1OoNRc1Yk_1tszI', 'MZqq0-1bkvGgXzgkVuyw4', 'buy', 5, 412.5, 0, '2022-03-09', 'NSE', 1775257949);
INSERT INTO transactions (id, asset_id, type, quantity, price, fees, transaction_date, notes, created_at) VALUES ('NxTdNN14CT3ECQDi8UhIx', 'MZqq0-1bkvGgXzgkVuyw4', 'buy', 1, 412.5, 0, '2022-03-09', 'NSE', 1775257949);
INSERT INTO transactions (id, asset_id, type, quantity, price, fees, transaction_date, notes, created_at) VALUES ('3BaQn81RN0B1VZfRlMW_i', '0cHaE_G1F40_aA72nA2on', 'buy', 21, 82, 0, '2022-03-09', 'NSE', 1775257950);
INSERT INTO transactions (id, asset_id, type, quantity, price, fees, transaction_date, notes, created_at) VALUES ('WIM4mGBD_o1ulEINLaD8s', '0cHaE_G1F40_aA72nA2on', 'buy', 1, 82, 0, '2022-03-09', 'NSE', 1775257950);
INSERT INTO transactions (id, asset_id, type, quantity, price, fees, transaction_date, notes, created_at) VALUES ('dM7m3pHwgVGqM3rPiHQri', '0cHaE_G1F40_aA72nA2on', 'buy', 2, 82, 0, '2022-03-09', 'NSE', 1775257950);
INSERT INTO transactions (id, asset_id, type, quantity, price, fees, transaction_date, notes, created_at) VALUES ('TKko0Wc4ECouQn87GWRxE', 'AXvjlTxe-IgAgUlmjA0gh', 'buy', 60, 34.8, 0, '2022-03-09', 'NSE', 1775257950);
INSERT INTO transactions (id, asset_id, type, quantity, price, fees, transaction_date, notes, created_at) VALUES ('sFAqAjVSnNywgew2IRNRN', '8Rq-TMsY1cN5dlnJ0y8Dj', 'buy', 12, 180, 0, '2022-03-10', 'NSE', 1775257951);
INSERT INTO transactions (id, asset_id, type, quantity, price, fees, transaction_date, notes, created_at) VALUES ('nXFdK3yTb4Me4EK_Bs286', 'OJRorunxAOOhYMlF2PNOq', 'buy', 4, 500, 0, '2022-03-14', 'NSE', 1775257952);
INSERT INTO transactions (id, asset_id, type, quantity, price, fees, transaction_date, notes, created_at) VALUES ('Nq_6smYoUqVG1rAbGptPG', 'W8ad-3wtJ5i_XQlzjqT8T', 'sell', 2, 1035, 0, '2022-03-22', 'NSE', 1775257947);
INSERT INTO transactions (id, asset_id, type, quantity, price, fees, transaction_date, notes, created_at) VALUES ('OlhPk08wFedFx8HK5M0tx', 'Se2kDpdFWzqdJ3H-phwoR', 'buy', 12, 176, 0, '2022-03-23', 'NSE', 1775257952);
INSERT INTO transactions (id, asset_id, type, quantity, price, fees, transaction_date, notes, created_at) VALUES ('lJJLjINS8BZH27KuyIHil', '8Rq-TMsY1cN5dlnJ0y8Dj', 'buy', 24, 185, 0, '2022-03-25', 'NSE', 1775257951);
INSERT INTO transactions (id, asset_id, type, quantity, price, fees, transaction_date, notes, created_at) VALUES ('Ih4ftYUOWZhu6ZeLG3VI_', 'Se2kDpdFWzqdJ3H-phwoR', 'sell', 12, 172.5, 0, '2022-03-29', 'BSE', 1775257952);
INSERT INTO transactions (id, asset_id, type, quantity, price, fees, transaction_date, notes, created_at) VALUES ('U_7tQkdkkNZmc72v67JMA', 'ACPv0ezEtg_UWs17enw57', 'buy', 2, 4001, 0, '2022-03-31', 'NSE', 1775257945);
INSERT INTO transactions (id, asset_id, type, quantity, price, fees, transaction_date, notes, created_at) VALUES ('JMVhEh-VukI8dMX9HFOwC', 'fHeS5LhYC6K-8LRPPyMS2', 'buy', 12, 746, 0, '2022-04-05', 'NSE', 1775257953);
INSERT INTO transactions (id, asset_id, type, quantity, price, fees, transaction_date, notes, created_at) VALUES ('Y_qhNzXfXspvjf29uqCym', 'pqVgopBe9kb3bip22dEcG', 'sell', 10, 280, 0, '2022-04-07', 'BSE', 1775257949);
INSERT INTO transactions (id, asset_id, type, quantity, price, fees, transaction_date, notes, created_at) VALUES ('fMUJkpUykOQ5rnaK0zIkP', 'hSIN-8HIM5Tj7R3ec9l3s', 'buy', 3, 1620, 0, '2022-04-18', 'NSE', 1775257943);
INSERT INTO transactions (id, asset_id, type, quantity, price, fees, transaction_date, notes, created_at) VALUES ('q86nacTWp_aiQqDaheGZk', 'hSIN-8HIM5Tj7R3ec9l3s', 'buy', 3, 1590, 0, '2022-04-19', 'BSE', 1775257943);
INSERT INTO transactions (id, asset_id, type, quantity, price, fees, transaction_date, notes, created_at) VALUES ('5iPgsNpJr-6tqRNKtHjeC', '8Rq-TMsY1cN5dlnJ0y8Dj', 'buy', 6, 183, 0, '2022-04-19', 'NSE', 1775257951);
INSERT INTO transactions (id, asset_id, type, quantity, price, fees, transaction_date, notes, created_at) VALUES ('7IiOuWAL4aHypim0TmKxh', 'hSIN-8HIM5Tj7R3ec9l3s', 'buy', 3, 1552, 0, '2022-04-27', 'NSE', 1775257943);
INSERT INTO transactions (id, asset_id, type, quantity, price, fees, transaction_date, notes, created_at) VALUES ('uMHo5OFV2ccv0d6zLmNtv', '0cHaE_G1F40_aA72nA2on', 'buy', 30, 80, 0, '2022-05-06', 'NSE', 1775257950);
INSERT INTO transactions (id, asset_id, type, quantity, price, fees, transaction_date, notes, created_at) VALUES ('DnvVf5OUSCfavedZjTB_v', '8Rq-TMsY1cN5dlnJ0y8Dj', 'buy', 6, 177.910004, 0, '2022-05-06', 'NSE', 1775257951);
INSERT INTO transactions (id, asset_id, type, quantity, price, fees, transaction_date, notes, created_at) VALUES ('cjUsO7_yv_kaRkYSikvAy', '8Rq-TMsY1cN5dlnJ0y8Dj', 'buy', 6, 177, 0, '2022-05-06', 'NSE', 1775257951);
INSERT INTO transactions (id, asset_id, type, quantity, price, fees, transaction_date, notes, created_at) VALUES ('XGcqppYALUK0d_Rio1aSR', 'MZqq0-1bkvGgXzgkVuyw4', 'buy', 6, 415, 0, '2022-05-10', 'NSE', 1775257949);
INSERT INTO transactions (id, asset_id, type, quantity, price, fees, transaction_date, notes, created_at) VALUES ('4Zx7GMrpw86dKUC9HDKQ5', 'S5K9E2C8CrahmfwluwcyL', 'buy', 3, 2460, 0, '2022-05-10', 'NSE', 1775257954);
INSERT INTO transactions (id, asset_id, type, quantity, price, fees, transaction_date, notes, created_at) VALUES ('E9Z1Uaz6oYZ7G8H29MqXN', 'MZqq0-1bkvGgXzgkVuyw4', 'buy', 3, 414, 0, '2022-05-18', 'NSE', 1775257949);
INSERT INTO transactions (id, asset_id, type, quantity, price, fees, transaction_date, notes, created_at) VALUES ('M19L6JaYvHR-j1cdv5TPc', 'MZqq0-1bkvGgXzgkVuyw4', 'buy', 2, 414, 0, '2022-05-18', 'NSE', 1775257949);
INSERT INTO transactions (id, asset_id, type, quantity, price, fees, transaction_date, notes, created_at) VALUES ('aALuOCRkY-P2zYROukCU3', 'MZqq0-1bkvGgXzgkVuyw4', 'buy', 1, 414, 0, '2022-05-18', 'NSE', 1775257949);
INSERT INTO transactions (id, asset_id, type, quantity, price, fees, transaction_date, notes, created_at) VALUES ('Q5xinLIh6-e0vIotAJd0G', '8Rq-TMsY1cN5dlnJ0y8Dj', 'buy', 12, 176, 0, '2022-05-18', 'NSE', 1775257951);
INSERT INTO transactions (id, asset_id, type, quantity, price, fees, transaction_date, notes, created_at) VALUES ('SdeLWV19KYCHiem3RACVr', 'rN1VUvEWFbzyWZh6JHCiq', 'buy', 3, 1327, 0, '2022-05-18', 'NSE', 1775257955);
INSERT INTO transactions (id, asset_id, type, quantity, price, fees, transaction_date, notes, created_at) VALUES ('OROBOyWsrJDwfJ7RNdrT8', 'hSIN-8HIM5Tj7R3ec9l3s', 'buy', 3, 1423, 0, '2022-05-19', 'BSE', 1775257943);
INSERT INTO transactions (id, asset_id, type, quantity, price, fees, transaction_date, notes, created_at) VALUES ('xy3zwBZUwkNa65Ue4n2v9', 'pqVgopBe9kb3bip22dEcG', 'buy', 6, 227.399994, 0, '2022-05-19', 'NSE', 1775257949);
INSERT INTO transactions (id, asset_id, type, quantity, price, fees, transaction_date, notes, created_at) VALUES ('wsIrUFsaSiGCdI1RtCPsI', 'MZqq0-1bkvGgXzgkVuyw4', 'buy', 6, 400, 0, '2022-05-19', 'NSE', 1775257949);
INSERT INTO transactions (id, asset_id, type, quantity, price, fees, transaction_date, notes, created_at) VALUES ('5YXgez4k6gtJIRhdisGfe', 'estuXUjBPl79eyL1ap6Yc', 'buy', 2, 1027, 0, '2022-05-23', 'NSE', 1775257955);
INSERT INTO transactions (id, asset_id, type, quantity, price, fees, transaction_date, notes, created_at) VALUES ('8Ww8pZ5uj_3VJ1mZa3XCZ', 'pqVgopBe9kb3bip22dEcG', 'buy', 6, 227.100006, 0, '2022-05-24', 'NSE', 1775257949);
INSERT INTO transactions (id, asset_id, type, quantity, price, fees, transaction_date, notes, created_at) VALUES ('3Habxc7NX6-1NKkNPG2mL', 'estuXUjBPl79eyL1ap6Yc', 'buy', 2, 1008, 0, '2022-05-24', 'NSE', 1775257955);
INSERT INTO transactions (id, asset_id, type, quantity, price, fees, transaction_date, notes, created_at) VALUES ('JRbuPcV7CRo_GAoh7K1_d', 'eENzoRs09eRI8t1Be6kVk', 'buy', 4, 126.300003, 0, '2022-05-24', 'NSE', 1775257956);
INSERT INTO transactions (id, asset_id, type, quantity, price, fees, transaction_date, notes, created_at) VALUES ('SXQ86Vz7TPGg6MEsznNaw', 'eENzoRs09eRI8t1Be6kVk', 'buy', 8, 126.300003, 0, '2022-05-24', 'NSE', 1775257956);
INSERT INTO transactions (id, asset_id, type, quantity, price, fees, transaction_date, notes, created_at) VALUES ('8bOpE4gc1x8XIRolpKiAq', 'Se2kDpdFWzqdJ3H-phwoR', 'buy', 15, 143.5, 0, '2022-05-27', 'NSE', 1775257952);
INSERT INTO transactions (id, asset_id, type, quantity, price, fees, transaction_date, notes, created_at) VALUES ('Oi850dJx__OdrQjYWlaO1', 'Z4QbsfpJQltB0X-qmD3Y4', 'buy', 5, 1781.5, 0, '2022-06-01', 'NSE', 1775257946);
INSERT INTO transactions (id, asset_id, type, quantity, price, fees, transaction_date, notes, created_at) VALUES ('OP7k77dH6FkwRRlhh0hv6', '1gIICAtb2EtUoc2mF0YHt', 'buy', 12, 188, 0, '2022-06-03', 'NSE', 1775257956);
INSERT INTO transactions (id, asset_id, type, quantity, price, fees, transaction_date, notes, created_at) VALUES ('eW0GoCl5q_ZwHpLslsZbQ', 'b00hyoNbCzOaXBJuZv3dX', 'buy', 12, 286, 0, '2022-06-03', 'NSE', 1775257957);
INSERT INTO transactions (id, asset_id, type, quantity, price, fees, transaction_date, notes, created_at) VALUES ('wpCiWvbvLwrMajvgP8bya', 'GH3u7itu2Vxk5ZkpiCwnl', 'buy', 166.127, 30.096, 0, '2022-06-21', 'BSE', 1775263683);
INSERT INTO transactions (id, asset_id, type, quantity, price, fees, transaction_date, notes, created_at) VALUES ('OVqMQOpqMhuu_xEC8nVvK', '_vmYTL-30UemMHZPWsuBS', 'buy', 23.123, 216.2287, 0, '2022-06-21', 'BSE', 1775263684);
INSERT INTO transactions (id, asset_id, type, quantity, price, fees, transaction_date, notes, created_at) VALUES ('8hjtEO94PL6x6WXfebrFy', 'S5K9E2C8CrahmfwluwcyL', 'buy', 3, 2387, 0, '2022-07-08', 'NSE', 1775257954);
INSERT INTO transactions (id, asset_id, type, quantity, price, fees, transaction_date, notes, created_at) VALUES ('wPT6HJ2Jp4gRMANdjklfO', 'ACPv0ezEtg_UWs17enw57', 'sell', 1, 4213.649902, 0, '2022-07-29', 'BSE', 1775257945);
INSERT INTO transactions (id, asset_id, type, quantity, price, fees, transaction_date, notes, created_at) VALUES ('UI7yWKdl8WPLmHgxX-m2s', 'ACPv0ezEtg_UWs17enw57', 'sell', 1, 4214.100098, 0, '2022-07-29', 'BSE', 1775257945);
INSERT INTO transactions (id, asset_id, type, quantity, price, fees, transaction_date, notes, created_at) VALUES ('c9JfZ-M2t4JWZ1ir6dQXm', 'MZqq0-1bkvGgXzgkVuyw4', 'sell', 24, 430, 0, '2022-07-29', 'NSE', 1775257949);
INSERT INTO transactions (id, asset_id, type, quantity, price, fees, transaction_date, notes, created_at) VALUES ('lOBgtFBs0GfVaGEnvAm7-', 'b00hyoNbCzOaXBJuZv3dX', 'sell', 12, 314.25, 0, '2022-07-29', 'BSE', 1775257957);
INSERT INTO transactions (id, asset_id, type, quantity, price, fees, transaction_date, notes, created_at) VALUES ('CIdC1Tak-_bsDwUL6VOVI', 'Z4QbsfpJQltB0X-qmD3Y4', 'sell', 5, 2214.600098, 0, '2022-08-03', 'NSE', 1775257946);
INSERT INTO transactions (id, asset_id, type, quantity, price, fees, transaction_date, notes, created_at) VALUES ('yK3eQUHlr2YPMUrE4cdfB', 'S5K9E2C8CrahmfwluwcyL', 'sell', 6, 2530, 0, '2022-08-05', 'NSE', 1775257954);
INSERT INTO transactions (id, asset_id, type, quantity, price, fees, transaction_date, notes, created_at) VALUES ('JfI7FLfBxmkVUIHqgus84', 'vtN-UNZOZJRMIL1ggpv7r', 'buy', 39, 130, 0, '2022-08-12', 'NSE', 1775257958);
INSERT INTO transactions (id, asset_id, type, quantity, price, fees, transaction_date, notes, created_at) VALUES ('oioUIjwGw39xkwbTS4FQr', 'nyVD0-hMmg9siY4Qan-2V', 'sell', 5, 401, 0, '2022-08-24', 'NSE', 1775257944);
INSERT INTO transactions (id, asset_id, type, quantity, price, fees, transaction_date, notes, created_at) VALUES ('rfw0u8BXWf_ZOxIl6mgYY', 'd5FPX6WCzjTmydIqkQOoU', 'buy', 3, 3129, 0, '2022-09-01', 'NSE', 1775257943);
INSERT INTO transactions (id, asset_id, type, quantity, price, fees, transaction_date, notes, created_at) VALUES ('oC2sBtO_KuTkLWB5KY8iE', 'E59xLgMh3SNbaT5kgcgJ_', 'buy', 1043.528, 9.5824, 0, '2022-09-20', 'BSE', 1775263684);
INSERT INTO transactions (id, asset_id, type, quantity, price, fees, transaction_date, notes, created_at) VALUES ('hRU67O0TtroUTXOsv7B15', 'hSIN-8HIM5Tj7R3ec9l3s', 'buy', 9, 1370, 0, '2022-09-21', 'BSE', 1775257943);
INSERT INTO transactions (id, asset_id, type, quantity, price, fees, transaction_date, notes, created_at) VALUES ('ZhH5drcSrq8iHVCf7qQTt', 'd5FPX6WCzjTmydIqkQOoU', 'buy', 3, 3000, 0, '2022-09-21', 'NSE', 1775257943);
INSERT INTO transactions (id, asset_id, type, quantity, price, fees, transaction_date, notes, created_at) VALUES ('7c90VZMzEiRYfNuC0SkoQ', 'okLTfwEPhM5GttMnzq902', 'sell', 3, 757, 0, '2022-09-26', 'NSE', 1775257942);
INSERT INTO transactions (id, asset_id, type, quantity, price, fees, transaction_date, notes, created_at) VALUES ('yNN2kwEtKR-pMY7OOS6ph', '8Rq-TMsY1cN5dlnJ0y8Dj', 'buy', 12, 185.449997, 0, '2022-09-26', 'NSE', 1775257951);
INSERT INTO transactions (id, asset_id, type, quantity, price, fees, transaction_date, notes, created_at) VALUES ('VZ_AfNKumzbgXVqovBDAc', 'GH3u7itu2Vxk5ZkpiCwnl', 'buy', 299.718, 33.363, 0, '2022-10-04', 'BSE', 1775263683);
INSERT INTO transactions (id, asset_id, type, quantity, price, fees, transaction_date, notes, created_at) VALUES ('SJLvlSMv-osUsslLS70NA', '_vmYTL-30UemMHZPWsuBS', 'buy', 38.341, 260.8041, 0, '2022-10-04', 'BSE', 1775263684);
INSERT INTO transactions (id, asset_id, type, quantity, price, fees, transaction_date, notes, created_at) VALUES ('v073viMDFAyOCtg9qTTho', 'GH3u7itu2Vxk5ZkpiCwnl', 'buy', 151.903, 32.914, 0, '2022-10-13', 'BSE', 1775263683);
INSERT INTO transactions (id, asset_id, type, quantity, price, fees, transaction_date, notes, created_at) VALUES ('orAWChLh47PW6j2j7Jncu', '_vmYTL-30UemMHZPWsuBS', 'buy', 19.425, 257.3861, 0, '2022-10-13', 'BSE', 1775263684);
INSERT INTO transactions (id, asset_id, type, quantity, price, fees, transaction_date, notes, created_at) VALUES ('TeXKSKlcCkOBcPe5E-ad5', 'GH3u7itu2Vxk5ZkpiCwnl', 'buy', 140.431, 35.603, 0, '2022-12-13', 'BSE', 1775263683);
INSERT INTO transactions (id, asset_id, type, quantity, price, fees, transaction_date, notes, created_at) VALUES ('qaTuR83lKyL9LM3lUR0AC', '_vmYTL-30UemMHZPWsuBS', 'buy', 17.784, 281.1305, 0, '2022-12-13', 'BSE', 1775263684);
INSERT INTO transactions (id, asset_id, type, quantity, price, fees, transaction_date, notes, created_at) VALUES ('0qEkBI4DfE3Xlf7ZHP0bS', 'GH3u7itu2Vxk5ZkpiCwnl', 'buy', 565.567, 35.361, 0, '2022-12-15', 'BSE', 1775263683);
INSERT INTO transactions (id, asset_id, type, quantity, price, fees, transaction_date, notes, created_at) VALUES ('ZKhdHHns4VIp34Z1pACEL', '_vmYTL-30UemMHZPWsuBS', 'buy', 71.848, 278.3509, 0, '2022-12-15', 'BSE', 1775263684);
INSERT INTO transactions (id, asset_id, type, quantity, price, fees, transaction_date, notes, created_at) VALUES ('rrO9mTsu5D_SpCg2WTY6h', 'wIVmrzlSvFCn4Q7ZYhAic', 'sell', 1, 3274.149902, 0, '2023-01-27', 'BSE', 1775257946);
INSERT INTO transactions (id, asset_id, type, quantity, price, fees, transaction_date, notes, created_at) VALUES ('fKjiXQH4RJ3klHEhvSpvw', 'BB6s1Cp3HlA2MdnyZQ1tz', 'buy', 41.364, 604.3669, 0, '2023-02-03', 'BSE', 1775263685);
INSERT INTO transactions (id, asset_id, type, quantity, price, fees, transaction_date, notes, created_at) VALUES ('W1sUnactWlaf-0G553jCG', 'BB6s1Cp3HlA2MdnyZQ1tz', 'buy', 82.727, 604.3669, 0, '2023-02-03', 'BSE', 1775263685);
INSERT INTO transactions (id, asset_id, type, quantity, price, fees, transaction_date, notes, created_at) VALUES ('BIZH6p5iSSTEV74y56ObM', '8Rq-TMsY1cN5dlnJ0y8Dj', 'buy', 9, 193, 0, '2023-02-07', 'NSE', 1775257951);
INSERT INTO transactions (id, asset_id, type, quantity, price, fees, transaction_date, notes, created_at) VALUES ('IkTCmaNMHs0vGLLKLL5NY', 'estuXUjBPl79eyL1ap6Yc', 'sell', 4, 1132.5, 0, '2023-02-07', '2023-02-07	SELL	40	113.25	4,530.00	NSE', 1775258759);
INSERT INTO transactions (id, asset_id, type, quantity, price, fees, transaction_date, notes, created_at) VALUES ('191wVxTjSZfgmutVaSp5n', '8Rq-TMsY1cN5dlnJ0y8Dj', 'buy', 10, 191.300003, 0, '2023-02-23', 'NSE', 1775257951);
INSERT INTO transactions (id, asset_id, type, quantity, price, fees, transaction_date, notes, created_at) VALUES ('8OZDZWRW4gCWN17iKFL7J', 'BB6s1Cp3HlA2MdnyZQ1tz', 'buy', 41.195, 606.8382, 0, '2023-03-01', 'BSE', 1775263685);
INSERT INTO transactions (id, asset_id, type, quantity, price, fees, transaction_date, notes, created_at) VALUES ('JsiRlvEo1YDBqQQUeXKJf', '8Rq-TMsY1cN5dlnJ0y8Dj', 'buy', 12, 189, 0, '2023-03-02', 'NSE', 1775257951);
INSERT INTO transactions (id, asset_id, type, quantity, price, fees, transaction_date, notes, created_at) VALUES ('BmBWp7EjPzJAYIgVHU2eq', 'vtN-UNZOZJRMIL1ggpv7r', 'sell', 39, 161.8, 0, '2023-03-09', NULL, 1775258894);
INSERT INTO transactions (id, asset_id, type, quantity, price, fees, transaction_date, notes, created_at) VALUES ('Baw6KYdcIdncVSXw02jB-', 'S5K9E2C8CrahmfwluwcyL', 'buy', 5, 2314, 0, '2023-03-13', 'NSE', 1775257954);
INSERT INTO transactions (id, asset_id, type, quantity, price, fees, transaction_date, notes, created_at) VALUES ('M597-fqZGml0_iq3n0ids', 'W8ad-3wtJ5i_XQlzjqT8T', 'buy', 6, 866, 0, '2023-03-14', 'NSE', 1775257947);
INSERT INTO transactions (id, asset_id, type, quantity, price, fees, transaction_date, notes, created_at) VALUES ('L3xhAZdtKYSTgKefCixaD', 'S5K9E2C8CrahmfwluwcyL', 'buy', 4, 2182, 0, '2023-03-20', 'NSE', 1775257954);
INSERT INTO transactions (id, asset_id, type, quantity, price, fees, transaction_date, notes, created_at) VALUES ('eD6h3-0Dvqvq1XuOCegDC', 'hSIN-8HIM5Tj7R3ec9l3s', 'buy', 3, 1366, 0, '2023-03-29', 'BSE', 1775257943);
INSERT INTO transactions (id, asset_id, type, quantity, price, fees, transaction_date, notes, created_at) VALUES ('jLkx8sPJe4YgLLFN6qoOI', 'E59xLgMh3SNbaT5kgcgJ_', 'buy', 1138.843, 8.7804, 0, '2023-03-31', 'BSE', 1775263684);
INSERT INTO transactions (id, asset_id, type, quantity, price, fees, transaction_date, notes, created_at) VALUES ('POCLwuCpmSCoq354NizNR', 'hSIN-8HIM5Tj7R3ec9l3s', 'buy', 5, 1238.699951, 0, '2023-04-17', 'NSE', 1775257943);
INSERT INTO transactions (id, asset_id, type, quantity, price, fees, transaction_date, notes, created_at) VALUES ('rSJ9mrbDxNHElGKsp8ZGJ', 'hSIN-8HIM5Tj7R3ec9l3s', 'buy', 1, 1238.699951, 0, '2023-04-17', 'NSE', 1775257943);
INSERT INTO transactions (id, asset_id, type, quantity, price, fees, transaction_date, notes, created_at) VALUES ('oLjeUHjneOJgCPK9T759I', 'AEh6gDOIsdEG-jCaAJCbN', 'sell', 2, 475, 0, '2023-04-25', 'NSE', 1775257947);
INSERT INTO transactions (id, asset_id, type, quantity, price, fees, transaction_date, notes, created_at) VALUES ('LvoLKkAdtB_sIIfx_SfUv', 'PZeqYUIvZvO62YZPbvRe9', 'buy', 13.267, 3768.6015, 0, '2023-05-02', 'BSE', 1775263685);
INSERT INTO transactions (id, asset_id, type, quantity, price, fees, transaction_date, notes, created_at) VALUES ('TAdWLH8jqf25hxdRv2dEJ', 'W8ad-3wtJ5i_XQlzjqT8T', 'sell', 6, 936.799988, 0, '2023-05-11', 'NSE', 1775257947);
INSERT INTO transactions (id, asset_id, type, quantity, price, fees, transaction_date, notes, created_at) VALUES ('AOtAclRvlKKKWWh5hJBbE', 'QahyXtytRVpAQDExa5akA', 'buy', 3, 2223.800049, 0, '2023-05-23', 'NSE', 1775257958);
INSERT INTO transactions (id, asset_id, type, quantity, price, fees, transaction_date, notes, created_at) VALUES ('_Rd-u2wfMA-tee10EHLAd', 'cy8-oD5I-rQXnwbFk2Ab8', 'buy', 901.889, 55.4364, 0, '2023-06-15', 'BSE', 1775263686);
INSERT INTO transactions (id, asset_id, type, quantity, price, fees, transaction_date, notes, created_at) VALUES ('-eA1GzX0ooDZoSDvwQoOb', 'PZeqYUIvZvO62YZPbvRe9', 'buy', 13.1, 3816.5917, 0, '2023-07-03', 'BSE', 1775263685);
INSERT INTO transactions (id, asset_id, type, quantity, price, fees, transaction_date, notes, created_at) VALUES ('NdVnvNe7zrLv5lxSCUwN-', 'ey0hjf-dKLL859ddVTIuh', 'buy', 7, 185.5, 0, '2023-07-17', 'NSE', 1775257959);
INSERT INTO transactions (id, asset_id, type, quantity, price, fees, transaction_date, notes, created_at) VALUES ('gQ7cOCCHhulW_DH3qFito', 'ey0hjf-dKLL859ddVTIuh', 'buy', 20, 185.5, 0, '2023-07-17', 'NSE', 1775257959);
INSERT INTO transactions (id, asset_id, type, quantity, price, fees, transaction_date, notes, created_at) VALUES ('k5z6_Rjx2o8DPT4cdrZy0', 'QahyXtytRVpAQDExa5akA', 'sell', 3, 2592, 0, '2023-07-25', 'NSE', 1775257958);
INSERT INTO transactions (id, asset_id, type, quantity, price, fees, transaction_date, notes, created_at) VALUES ('M19U7uXWsQ6muLXLXqCxE', 'BB6s1Cp3HlA2MdnyZQ1tz', 'buy', 79.624, 627.9209, 0, '2023-07-31', 'BSE', 1775263685);
INSERT INTO transactions (id, asset_id, type, quantity, price, fees, transaction_date, notes, created_at) VALUES ('cj5Q9f6PvAMIqYZU1s0T7', '2zhERUylgIABWnrE0MO8l', 'buy', 6, 1790, 0, '2023-08-14', 'NSE', 1775257960);
INSERT INTO transactions (id, asset_id, type, quantity, price, fees, transaction_date, notes, created_at) VALUES ('aHfnlWP20KOcDqTbyMVep', 'EhWNjA1gjpmq4u8iWaBR9', 'buy', 5, 825, 0, '2023-08-29', 'NSE', 1775257961);
INSERT INTO transactions (id, asset_id, type, quantity, price, fees, transaction_date, notes, created_at) VALUES ('O7sGeB7ztkxs0-GBQ6CVl', 'EhWNjA1gjpmq4u8iWaBR9', 'buy', 1, 825, 0, '2023-08-29', 'NSE', 1775257961);
INSERT INTO transactions (id, asset_id, type, quantity, price, fees, transaction_date, notes, created_at) VALUES ('Pmqs08flcnl2KwtlxKNDE', 'eENzoRs09eRI8t1Be6kVk', 'sell', 12, 141.949997, 0, '2023-09-12', 'NSE', 1775257956);
INSERT INTO transactions (id, asset_id, type, quantity, price, fees, transaction_date, notes, created_at) VALUES ('Q3GaD212_rJ2683zXLJqK', '3Nydci6oOW35VR1V1I1hH', 'buy', 2, 2442.44, 0, '2023-09-12', 'NSE', 1775257961);
INSERT INTO transactions (id, asset_id, type, quantity, price, fees, transaction_date, notes, created_at) VALUES ('AdZnW_TGw3Blp502c2iGC', '3Nydci6oOW35VR1V1I1hH', 'buy', 2, 2427.73, 0, '2023-09-15', 'NSE', 1775257961);
INSERT INTO transactions (id, asset_id, type, quantity, price, fees, transaction_date, notes, created_at) VALUES ('aRRtNrcpfV4vc84c6rGIz', 'rN1VUvEWFbzyWZh6JHCiq', 'buy', 3, 1570, 0, '2023-09-20', 'NSE', 1775257955);
INSERT INTO transactions (id, asset_id, type, quantity, price, fees, transaction_date, notes, created_at) VALUES ('eg_d2e7ADZQH1V-Z6JqLe', 'rN1VUvEWFbzyWZh6JHCiq', 'buy', 4, 1546.800049, 0, '2023-09-21', 'BSE', 1775257955);
INSERT INTO transactions (id, asset_id, type, quantity, price, fees, transaction_date, notes, created_at) VALUES ('G5KHn5-qH3XuECqaVIqTp', 'rN1VUvEWFbzyWZh6JHCiq', 'buy', 1, 1547, 0, '2023-09-21', 'BSE', 1775257955);
INSERT INTO transactions (id, asset_id, type, quantity, price, fees, transaction_date, notes, created_at) VALUES ('6ZuZVXXwOLWhRV_fJL1EE', 'rN1VUvEWFbzyWZh6JHCiq', 'buy', 3, 1517, 0, '2023-09-27', 'BSE', 1775257955);
INSERT INTO transactions (id, asset_id, type, quantity, price, fees, transaction_date, notes, created_at) VALUES ('4qgDXbTytgdp7HdkL43Xg', 'rkP75clSGvbulkr9vQiXb', 'buy', 6, 758.5, 0, '2023-09-27', 'Grow portfolio lot', 1775288466);
INSERT INTO transactions (id, asset_id, type, quantity, price, fees, transaction_date, notes, created_at) VALUES ('SpjVwuu_8Uxdr39ZZSyAO', 'rN1VUvEWFbzyWZh6JHCiq', 'buy', 3, 1509, 0, '2023-10-03', 'BSE', 1775257955);
INSERT INTO transactions (id, asset_id, type, quantity, price, fees, transaction_date, notes, created_at) VALUES ('1-N2xmhk3rjqNJXQEFzsb', 'GH3u7itu2Vxk5ZkpiCwnl', 'buy', 376.506, 39.838, 0, '2023-10-03', 'BSE', 1775263683);
INSERT INTO transactions (id, asset_id, type, quantity, price, fees, transaction_date, notes, created_at) VALUES ('b1u8pZ1mR-WuVoQSDhIpt', '_vmYTL-30UemMHZPWsuBS', 'buy', 49.549, 302.7138, 0, '2023-10-03', 'BSE', 1775263684);
INSERT INTO transactions (id, asset_id, type, quantity, price, fees, transaction_date, notes, created_at) VALUES ('ke-YZ5k5MWb_49kqvcFt-', 'GH3u7itu2Vxk5ZkpiCwnl', 'buy', 126.624, 39.485, 0, '2023-10-04', 'BSE', 1775263683);
INSERT INTO transactions (id, asset_id, type, quantity, price, fees, transaction_date, notes, created_at) VALUES ('tXzZjZc7y-fOpZy7HOmQA', '_vmYTL-30UemMHZPWsuBS', 'buy', 16.754, 298.425, 0, '2023-10-04', 'BSE', 1775263684);
INSERT INTO transactions (id, asset_id, type, quantity, price, fees, transaction_date, notes, created_at) VALUES ('5jrYLZB_dCs-QCAr1JA3z', 'd5FPX6WCzjTmydIqkQOoU', 'buy', 1, 3550, 0, '2023-10-13', 'NSE', 1775257943);
INSERT INTO transactions (id, asset_id, type, quantity, price, fees, transaction_date, notes, created_at) VALUES ('lEssuIWkzdidcwTJAulPx', 'd5FPX6WCzjTmydIqkQOoU', 'buy', 6, 3545, 0, '2023-10-16', 'NSE', 1775257943);
INSERT INTO transactions (id, asset_id, type, quantity, price, fees, transaction_date, notes, created_at) VALUES ('40GN9yIkTLhUm6qs3wDVv', 'd5FPX6WCzjTmydIqkQOoU', 'buy', 2, 3545, 0, '2023-10-16', 'NSE', 1775257943);
INSERT INTO transactions (id, asset_id, type, quantity, price, fees, transaction_date, notes, created_at) VALUES ('CHQlJmXzc-EHFuc3MwNAg', 'GH3u7itu2Vxk5ZkpiCwnl', 'buy', 259.559, 38.525, 0, '2023-10-25', 'BSE', 1775263683);
INSERT INTO transactions (id, asset_id, type, quantity, price, fees, transaction_date, notes, created_at) VALUES ('MYdRXejKlbx3BixUJX3Ha', '_vmYTL-30UemMHZPWsuBS', 'buy', 34.387, 290.7896, 0, '2023-10-25', 'BSE', 1775263684);
INSERT INTO transactions (id, asset_id, type, quantity, price, fees, transaction_date, notes, created_at) VALUES ('zyBV_Y9T0nE4JDFTQtwTf', 'GH3u7itu2Vxk5ZkpiCwnl', 'buy', 259.343, 38.557, 0, '2023-10-31', 'BSE', 1775263683);
INSERT INTO transactions (id, asset_id, type, quantity, price, fees, transaction_date, notes, created_at) VALUES ('hGbykrJz5XIFAZzhUITCH', '_vmYTL-30UemMHZPWsuBS', 'buy', 33.923, 294.7698, 0, '2023-10-31', 'BSE', 1775263684);
INSERT INTO transactions (id, asset_id, type, quantity, price, fees, transaction_date, notes, created_at) VALUES ('VcNH2xAqnc_v0Sg39ojZK', 'x_DGaOvzPWWXtjcItSGx_', 'buy', 1, 18.4, 0, '2023-11-12', 'NSE', 1775257962);
INSERT INTO transactions (id, asset_id, type, quantity, price, fees, transaction_date, notes, created_at) VALUES ('zZ0J_uTfpBsAixqgMlQ1i', 'x_DGaOvzPWWXtjcItSGx_', 'sell', 1, 19.75, 0, '2023-11-21', 'NSE', 1775257962);
INSERT INTO transactions (id, asset_id, type, quantity, price, fees, transaction_date, notes, created_at) VALUES ('V4bj5uAM3KIPLusUjBXJi', 'Se2kDpdFWzqdJ3H-phwoR', 'sell', 15, 190, 0, '2023-11-22', 'BSE', 1775257952);
INSERT INTO transactions (id, asset_id, type, quantity, price, fees, transaction_date, notes, created_at) VALUES ('VTQbXOyi2-d4oFTUBUGHz', 'XOpBki-C9mk_L9n9RL9hH', 'buy', 10, 677, 0, '2024-02-01', 'NSE', 1775257962);
INSERT INTO transactions (id, asset_id, type, quantity, price, fees, transaction_date, notes, created_at) VALUES ('23ZmoRy2Z-p0KbPI1va8F', 'rN1VUvEWFbzyWZh6JHCiq', 'buy', 4, 1385, 0, '2024-02-12', 'NSE', 1775257955);
INSERT INTO transactions (id, asset_id, type, quantity, price, fees, transaction_date, notes, created_at) VALUES ('7Sv1bvb-UuM4ftGMCydCD', 'H9EOjvAZF0BrtrbXA9Rxs', 'buy', 3, 2900, 0, '2024-02-26', 'NSE', 1775257963);
INSERT INTO transactions (id, asset_id, type, quantity, price, fees, transaction_date, notes, created_at) VALUES ('Qjkk57jvK1-gYIvd9G06n', 'XOpBki-C9mk_L9n9RL9hH', 'buy', 10, 652.4850098, 0, '2024-02-27', 'NSE', 1775257962);
INSERT INTO transactions (id, asset_id, type, quantity, price, fees, transaction_date, notes, created_at) VALUES ('K-RZMsLAvH3fzLJ5rb9tK', '2zhERUylgIABWnrE0MO8l', 'buy', 3, 1692, 0, '2024-02-28', 'BSE', 1775257960);
INSERT INTO transactions (id, asset_id, type, quantity, price, fees, transaction_date, notes, created_at) VALUES ('o1Qj_gqosegqAXAOWbAh0', 'EhWNjA1gjpmq4u8iWaBR9', 'buy', 6, 690, 0, '2024-03-13', 'NSE', 1775257961);
INSERT INTO transactions (id, asset_id, type, quantity, price, fees, transaction_date, notes, created_at) VALUES ('y1CyJhak2bve6iabFr0So', '3Nydci6oOW35VR1V1I1hH', 'buy', 3, 2270.78, 0, '2024-03-13', 'BSE', 1775257961);
INSERT INTO transactions (id, asset_id, type, quantity, price, fees, transaction_date, notes, created_at) VALUES ('RGgRHU3c9TS-HxGmNiLgg', 'GH3u7itu2Vxk5ZkpiCwnl', 'buy', 112.493, 44.445, 0, '2024-03-19', 'BSE', 1775263687);
INSERT INTO transactions (id, asset_id, type, quantity, price, fees, transaction_date, notes, created_at) VALUES ('LcV-NuY206nZgLYGA0Nd6', '_vmYTL-30UemMHZPWsuBS', 'buy', 13.428, 372.3272, 0, '2024-03-19', 'BSE', 1775263687);
INSERT INTO transactions (id, asset_id, type, quantity, price, fees, transaction_date, notes, created_at) VALUES ('FfrdT-AQvNtdM-fXDUvU8', '3Nydci6oOW35VR1V1I1hH', 'buy', 2, 2149.15, 0, '2024-04-15', 'BSE', 1775257961);
INSERT INTO transactions (id, asset_id, type, quantity, price, fees, transaction_date, notes, created_at) VALUES ('wUQbC5ddWOwm2vWljBaeu', '2zhERUylgIABWnrE0MO8l', 'buy', 3, 1622.900024, 0, '2024-04-25', 'BSE', 1775257960);
INSERT INTO transactions (id, asset_id, type, quantity, price, fees, transaction_date, notes, created_at) VALUES ('_YCVdaS1ctRXl-kYKWrUq', 'H9EOjvAZF0BrtrbXA9Rxs', 'buy', 3, 2706, 0, '2024-05-09', 'NSE', 1775257963);
INSERT INTO transactions (id, asset_id, type, quantity, price, fees, transaction_date, notes, created_at) VALUES ('uhjqUqv06b7n2dS7Fp38p', 'oEWONGCYwHosZF3srq_zW', 'buy', 70.006, 285.6736, 0, '2024-08-05', 'BSE', 1775263688);
INSERT INTO transactions (id, asset_id, type, quantity, price, fees, transaction_date, notes, created_at) VALUES ('1bkC3u0fr8YuK_ziOD76p', '8Rq-TMsY1cN5dlnJ0y8Dj', 'buy', 30, 266, 0, '2024-08-06', 'NSE', 1775257964);
INSERT INTO transactions (id, asset_id, type, quantity, price, fees, transaction_date, notes, created_at) VALUES ('gZuYrgIVcyy7_jWxBikR3', 'iV_8sR4mH7Ofk_PyeI9l4', 'buy', 39.727, 251.7044, 0, '2024-10-29', 'BSE', 1775263688);
INSERT INTO transactions (id, asset_id, type, quantity, price, fees, transaction_date, notes, created_at) VALUES ('jOcRkNtY4LNRhtVPL0kZB', 'jQb_C8z3X63CMD68lymje', 'buy', 72, 70.949997, 0, '2024-11-01', 'NSE', 1775257964);
INSERT INTO transactions (id, asset_id, type, quantity, price, fees, transaction_date, notes, created_at) VALUES ('PWvmG3_kgQ1Ud_Lcd3h1r', 'Ipin4_DxL__SMszU6eEia', 'buy', 75, 67.269997, 0, '2024-11-01', 'NSE', 1775257965);
INSERT INTO transactions (id, asset_id, type, quantity, price, fees, transaction_date, notes, created_at) VALUES ('lrhGwrQFoBfFcBi5VDXN6', 'crIu-lVfUeGf7wmVIlpCB', 'buy', 48, 108, 0, '2024-11-01', 'NSE', 1775257965);
INSERT INTO transactions (id, asset_id, type, quantity, price, fees, transaction_date, notes, created_at) VALUES ('dEvxczvyUhcnIiPxoOcvZ', 'lPLkAophMES_oB52DhD4C', 'buy', 9, 246.199997, 0, '2024-11-01', 'Adjustment: pre-existing shares from outside tradebook', 1775259884);
INSERT INTO transactions (id, asset_id, type, quantity, price, fees, transaction_date, notes, created_at) VALUES ('MvPlKP-lfc6jS4pVLM2GA', '8Rq-TMsY1cN5dlnJ0y8Dj', 'buy', 21, 266.929993, 0, '2024-11-05', 'BSE', 1775257964);
INSERT INTO transactions (id, asset_id, type, quantity, price, fees, transaction_date, notes, created_at) VALUES ('LhhP-r-cZ7Idl8WhviNs8', 'S5K9E2C8CrahmfwluwcyL', 'buy', 3, 1279.650024, 0, '2024-11-08', 'NSE', 1775257954);
INSERT INTO transactions (id, asset_id, type, quantity, price, fees, transaction_date, notes, created_at) VALUES ('V7oAfDhmJCnN7qRTXaNyH', 'H9EOjvAZF0BrtrbXA9Rxs', 'buy', 2, 2511, 0, '2024-11-11', 'NSE', 1775257963);
INSERT INTO transactions (id, asset_id, type, quantity, price, fees, transaction_date, notes, created_at) VALUES ('cSKW9Iv14hwju-aIyfdui', '8Rq-TMsY1cN5dlnJ0y8Dj', 'buy', 21, 266.100006, 0, '2024-11-12', 'NSE', 1775257964);
INSERT INTO transactions (id, asset_id, type, quantity, price, fees, transaction_date, notes, created_at) VALUES ('FrS3XacvWfyiXyYlB3B1S', '8Rq-TMsY1cN5dlnJ0y8Dj', 'buy', 12, 265.600006, 0, '2024-11-12', 'NSE', 1775257964);
INSERT INTO transactions (id, asset_id, type, quantity, price, fees, transaction_date, notes, created_at) VALUES ('T0-NeGG53CKjQjgYOO1tw', '8Rq-TMsY1cN5dlnJ0y8Dj', 'buy', 21, 263.399994, 0, '2024-11-13', 'NSE', 1775257964);
INSERT INTO transactions (id, asset_id, type, quantity, price, fees, transaction_date, notes, created_at) VALUES ('auipfNMIUHphWWQx_fKgh', 'lPLkAophMES_oB52DhD4C', 'buy', 18, 307.799988, 0, '2024-11-13', 'BSE', 1775257966);
INSERT INTO transactions (id, asset_id, type, quantity, price, fees, transaction_date, notes, created_at) VALUES ('jvrSzJaQqNWXfxdgoYx55', '8Rq-TMsY1cN5dlnJ0y8Dj', 'buy', 21, 259.920013, 0, '2024-11-21', 'NSE', 1775257964);
INSERT INTO transactions (id, asset_id, type, quantity, price, fees, transaction_date, notes, created_at) VALUES ('ew6JU-EHpoAe_Q0u_RuFt', 'Ae3Ka5MCS4znFBBv4dQ-p', 'buy', 78, 66.32, 0, '2024-11-21', 'NSE', 1775257967);
INSERT INTO transactions (id, asset_id, type, quantity, price, fees, transaction_date, notes, created_at) VALUES ('jkW8ZMB6Vx3ZlK5UAuwl7', 'ACPv0ezEtg_UWs17enw57', 'buy', 2, 3624.850098, 0, '2024-12-02', 'NSE', 1775257945);
INSERT INTO transactions (id, asset_id, type, quantity, price, fees, transaction_date, notes, created_at) VALUES ('NmgbMX9FCX-C_oanUv4YO', '7EvP9hlZHIEnV0YVpaU1n', 'buy', 114, 87.989998, 0, '2024-12-19', 'NSE', 1775257967);
INSERT INTO transactions (id, asset_id, type, quantity, price, fees, transaction_date, notes, created_at) VALUES ('nB_Uc15770PgIyFIR0S7O', 'fm-iWa30iqVhsLqpymR5I', 'buy', 60, 83.169998, 0, '2024-12-20', 'NSE', 1775257968);
INSERT INTO transactions (id, asset_id, type, quantity, price, fees, transaction_date, notes, created_at) VALUES ('LYImlYanlx59F_X6m4v7r', '6L4CB1rps9KvY5MOPLhZ5', 'sell', 1, 2480, 0, '2024-12-26', 'BSE', 1775257944);
INSERT INTO transactions (id, asset_id, type, quantity, price, fees, transaction_date, notes, created_at) VALUES ('2GRF24LDG1sACzlaD-2Cu', 'ey0hjf-dKLL859ddVTIuh', 'sell', 5, 110.150002, 0, '2024-12-31', 'BSE', 1775257959);
INSERT INTO transactions (id, asset_id, type, quantity, price, fees, transaction_date, notes, created_at) VALUES ('dEDF1pPjgflnQUXXdMFwQ', 'ey0hjf-dKLL859ddVTIuh', 'sell', 22, 110.099998, 0, '2024-12-31', 'BSE', 1775257959);
INSERT INTO transactions (id, asset_id, type, quantity, price, fees, transaction_date, notes, created_at) VALUES ('DbKSJPhiwvxpw4fGLElG3', 'SngkxuZPi2LohlUSTVB_3', 'buy', 2.590107395, 257.74, 0, '2025-01-01', 'Imported from IndMoney', 1775271648);
INSERT INTO transactions (id, asset_id, type, quantity, price, fees, transaction_date, notes, created_at) VALUES ('Mg1WnhD3K2L-tUakrAkb8', '5Iat4GeuX1SznKVxq5VYU', 'buy', 2.013752961, 202.58, 0, '2025-01-01', 'Imported from IndMoney', 1775271648);
INSERT INTO transactions (id, asset_id, type, quantity, price, fees, transaction_date, notes, created_at) VALUES ('hsbqZTj8RqumkywE52pDW', 'wUieQ2F4M6X_jyDvxN2QJ', 'buy', 1.419924494, 210.67, 0, '2025-01-01', 'Imported from IndMoney', 1775271648);
INSERT INTO transactions (id, asset_id, type, quantity, price, fees, transaction_date, notes, created_at) VALUES ('XVibJqRYLdATLm68Vmhll', 'npJIhVJX05zpLcxiwpo_o', 'buy', 2.768973677, 104.68, 0, '2025-01-01', 'Imported from IndMoney', 1775271648);
INSERT INTO transactions (id, asset_id, type, quantity, price, fees, transaction_date, notes, created_at) VALUES ('GrJ5o0afUakKv0R-KTYjO', 'of0rYhw30y49CdSli-lhb', 'buy', 0.896081627, 296.36, 0, '2025-01-01', 'Imported from IndMoney', 1775271648);
INSERT INTO transactions (id, asset_id, type, quantity, price, fees, transaction_date, notes, created_at) VALUES ('LPNUtCVSHIF5_MDmOA63P', 'kGRkMIO6FH5L5o8f9T8DH', 'buy', 1.473963378, 162.72, 0, '2025-01-01', 'Imported from IndMoney', 1775271648);
INSERT INTO transactions (id, asset_id, type, quantity, price, fees, transaction_date, notes, created_at) VALUES ('dCoggY7bpJ_KJv8PiViEK', 'x8nGfpIAUvqO7TLhtBxnD', 'buy', 2.845901584, 80.58, 0, '2025-01-01', 'Imported from IndMoney', 1775271648);
INSERT INTO transactions (id, asset_id, type, quantity, price, fees, transaction_date, notes, created_at) VALUES ('7E7FxJsQnP2NTW7AXK2Jj', '13_bCyUdR1A9cGy4xMOWa', 'buy', 3, 69.62, 0, '2025-01-01', 'Imported from IndMoney', 1775271648);
INSERT INTO transactions (id, asset_id, type, quantity, price, fees, transaction_date, notes, created_at) VALUES ('tZZcV6ynX1CvJclkBEhQY', 'tcQue2BfVzmazjMuovA5U', 'buy', 0.535651411, 371.14, 0, '2025-01-01', 'Imported from IndMoney', 1775271648);
INSERT INTO transactions (id, asset_id, type, quantity, price, fees, transaction_date, notes, created_at) VALUES ('jHdVtlHaQtBeyTCrp-P9z', 'RMCIVF2b_pZ6QQeL0rIzC', 'buy', 0.567484237, 307.87, 0, '2025-01-01', 'Imported from IndMoney', 1775271648);
INSERT INTO transactions (id, asset_id, type, quantity, price, fees, transaction_date, notes, created_at) VALUES ('GZW_XzfXxg3hs9QE2x4HN', 'PK6eWXmCySHUwQ0cdoKvJ', 'buy', 1.12733749, 154.86, 0, '2025-01-01', 'Imported from IndMoney', 1775271648);
INSERT INTO transactions (id, asset_id, type, quantity, price, fees, transaction_date, notes, created_at) VALUES ('KFf7JVNvqTxrVzHk7JyHb', 'cmmMUqjeBI6Vn86bpddPy', 'buy', 0.55990392, 310.39, 0, '2025-01-01', 'Imported from IndMoney', 1775271648);
INSERT INTO transactions (id, asset_id, type, quantity, price, fees, transaction_date, notes, created_at) VALUES ('gNVL1knHQFY2_mAvJ1fN2', 'ZVr1pROvP1urACc8yFozz', 'buy', 1, 168.71, 0, '2025-01-01', 'Imported from IndMoney', 1775271648);
INSERT INTO transactions (id, asset_id, type, quantity, price, fees, transaction_date, notes, created_at) VALUES ('_JzOVS38HWHeVQO-HOR-X', 'ET1_8rzsGZBLlJeKG3ka7', 'buy', 3, 47.73, 0, '2025-01-01', 'Imported from IndMoney', 1775271648);
INSERT INTO transactions (id, asset_id, type, quantity, price, fees, transaction_date, notes, created_at) VALUES ('r0CjCkWlRzEM9VXva-LW2', 'QrX0XEypchz7FQOQXmSK4', 'buy', 2, 56.19, 0, '2025-01-01', 'Imported from IndMoney', 1775271648);
INSERT INTO transactions (id, asset_id, type, quantity, price, fees, transaction_date, notes, created_at) VALUES ('MCQDqwWxLEWqIQwREdIab', 'Z_s8ouROQ54vSE1-zWSoT', 'buy', 1.84756698, 57.74, 0, '2025-01-01', 'Imported from IndMoney', 1775271648);
INSERT INTO transactions (id, asset_id, type, quantity, price, fees, transaction_date, notes, created_at) VALUES ('ChxXnAoi5M5-0KbsPMrQJ', 'JHW7XL6Xj8KHPaBuupBZN', 'buy', 4, 26.53, 0, '2025-01-01', 'Imported from IndMoney', 1775271648);
INSERT INTO transactions (id, asset_id, type, quantity, price, fees, transaction_date, notes, created_at) VALUES ('p0hoxqx-PWYcrjD1mmdFB', '3KW1ljrXixnOUoTWFEKGz', 'buy', 1.1769676, 84.91, 0, '2025-01-01', 'Imported from IndMoney', 1775271648);
INSERT INTO transactions (id, asset_id, type, quantity, price, fees, transaction_date, notes, created_at) VALUES ('qMaW5RJJcd_YWaGieWJec', 'SFSz6BLvFzen_LDOIA1sN', 'buy', 0.586434589, 170.28, 0, '2025-01-01', 'Imported from IndMoney', 1775271648);
INSERT INTO transactions (id, asset_id, type, quantity, price, fees, transaction_date, notes, created_at) VALUES ('wBEl7lL3QICnRthXPGts_', 'X35PDG2bimxH5i4n7NWd6', 'buy', 0.494838709, 201.5, 0, '2025-01-01', 'Imported from IndMoney', 1775271648);
INSERT INTO transactions (id, asset_id, type, quantity, price, fees, transaction_date, notes, created_at) VALUES ('dcdSU68xeblloOcTMw4BX', 'cUrzkE5thE1a2pe57ztYx', 'buy', 0.208043832, 479.27, 0, '2025-01-01', 'Imported from IndMoney', 1775271648);
INSERT INTO transactions (id, asset_id, type, quantity, price, fees, transaction_date, notes, created_at) VALUES ('DPktv9mtxCAeKoKOKooTn', '7NqrB4h0r8HJPmrm7rBSE', 'buy', 0.643938415, 154.84, 0, '2025-01-01', 'Imported from IndMoney', 1775271648);
INSERT INTO transactions (id, asset_id, type, quantity, price, fees, transaction_date, notes, created_at) VALUES ('LDIQxAEUQeKdWkNAJp_0k', 'RQu3Wjta08_if9sSraXeT', 'buy', 2, 33.73, 0, '2025-01-01', 'Imported from IndMoney', 1775271648);
INSERT INTO transactions (id, asset_id, type, quantity, price, fees, transaction_date, notes, created_at) VALUES ('Kf-zM9swmFObnroCvNc3Z', 'y7gb5p7n5InOT_ZHN5wLf', 'buy', 0.707050701, 70.69, 0, '2025-01-01', 'Imported from IndMoney', 1775271648);
INSERT INTO transactions (id, asset_id, type, quantity, price, fees, transaction_date, notes, created_at) VALUES ('iQVVerBJh8Q5y3qEpQ7an', '7Gnx-aTITzQ84cN_AONAB', 'buy', 0.595343178, 83.83, 0, '2025-01-01', 'Imported from IndMoney', 1775271648);
INSERT INTO transactions (id, asset_id, type, quantity, price, fees, transaction_date, notes, created_at) VALUES ('OLwfDG0XnaxcJkirf3p1s', 'OJRorunxAOOhYMlF2PNOq', 'sell', 4, 508.200012, 0, '2025-01-06', 'BSE', 1775257952);
INSERT INTO transactions (id, asset_id, type, quantity, price, fees, transaction_date, notes, created_at) VALUES ('eF7OSJPdyS0pDNDPMcQhb', '1gIICAtb2EtUoc2mF0YHt', 'sell', 12, 170.100006, 0, '2025-01-07', 'NSE', 1775257956);
INSERT INTO transactions (id, asset_id, type, quantity, price, fees, transaction_date, notes, created_at) VALUES ('6R0DBv666JHJzcenV6wCe', 'hSIN-8HIM5Tj7R3ec9l3s', 'sell', 27, 1902, 0, '2025-01-08', 'NSE', 1775257943);
INSERT INTO transactions (id, asset_id, type, quantity, price, fees, transaction_date, notes, created_at) VALUES ('_5QiyunSI_quKcTSag3eS', 'hSIN-8HIM5Tj7R3ec9l3s', 'sell', 3, 1902, 0, '2025-01-08', 'NSE', 1775257943);
INSERT INTO transactions (id, asset_id, type, quantity, price, fees, transaction_date, notes, created_at) VALUES ('5uion0ooAdvRr7UBke51P', 'rN1VUvEWFbzyWZh6JHCiq', 'sell', 21, 1661.099976, 0, '2025-01-09', 'NSE', 1775257955);
INSERT INTO transactions (id, asset_id, type, quantity, price, fees, transaction_date, notes, created_at) VALUES ('MZpGuNJut2-n6pD9u_rjA', 'fHeS5LhYC6K-8LRPPyMS2', 'sell', 12, 1240.199951, 0, '2025-01-13', 'BSE', 1775257953);
INSERT INTO transactions (id, asset_id, type, quantity, price, fees, transaction_date, notes, created_at) VALUES ('FTnKC63mSaL_c08092r4_', '8Rq-TMsY1cN5dlnJ0y8Dj', 'sell', 125, 255.960007, 0, '2025-01-13', NULL, 1775259852);
INSERT INTO transactions (id, asset_id, type, quantity, price, fees, transaction_date, notes, created_at) VALUES ('KBWQClUUSfBlJGDvuOhxT', '8Rq-TMsY1cN5dlnJ0y8Dj', 'sell', 100, 255.960007, 0, '2025-01-13', NULL, 1775259860);
INSERT INTO transactions (id, asset_id, type, quantity, price, fees, transaction_date, notes, created_at) VALUES ('_wfsehYnOAI2zSQP7tOOM', '8Rq-TMsY1cN5dlnJ0y8Dj', 'sell', 10, 256, 0, '2025-01-13', NULL, 1775259866);
INSERT INTO transactions (id, asset_id, type, quantity, price, fees, transaction_date, notes, created_at) VALUES ('FpPofZgjJyAR4WOUzBZ3A', '1OwpSzFKUDUsB2tyf_uF2', 'buy', 300, 22.959999, 0, '2025-01-30', 'NSE', 1775257968);
INSERT INTO transactions (id, asset_id, type, quantity, price, fees, transaction_date, notes, created_at) VALUES ('nRawn96AQLDEErQuep-8I', 'LNsQ6zPpxh9_vnDK03MWW', 'buy', 1, 5237.75, 0, '2025-02-10', 'NSE', 1775257969);
INSERT INTO transactions (id, asset_id, type, quantity, price, fees, transaction_date, notes, created_at) VALUES ('PSUqWf6BJGE8lcr5U2ZHD', 'LNsQ6zPpxh9_vnDK03MWW', 'buy', 1, 5237.75, 0, '2025-02-10', 'NSE', 1775257969);
INSERT INTO transactions (id, asset_id, type, quantity, price, fees, transaction_date, notes, created_at) VALUES ('KcO_FeprO9PUmrs2x8Vi3', 'AXvjlTxe-IgAgUlmjA0gh', 'buy', 180, 56.779999, 0, '2025-02-11', 'BSE', 1775257970);
INSERT INTO transactions (id, asset_id, type, quantity, price, fees, transaction_date, notes, created_at) VALUES ('HssISqLTGTbw26ILwr4fH', 'H9EOjvAZF0BrtrbXA9Rxs', 'buy', 2, 2206.399902, 0, '2025-02-12', 'NSE', 1775257963);
INSERT INTO transactions (id, asset_id, type, quantity, price, fees, transaction_date, notes, created_at) VALUES ('0ZXuChz7-yJCsrXvk3UhX', 'lPLkAophMES_oB52DhD4C', 'buy', 45, 230.009995, 0, '2025-02-12', 'NSE', 1775257966);
INSERT INTO transactions (id, asset_id, type, quantity, price, fees, transaction_date, notes, created_at) VALUES ('oNGqlkDqZkgl1w5EsTDoh', 'Ae3Ka5MCS4znFBBv4dQ-p', 'buy', 93, 58.349998, 0, '2025-02-12', 'NSE', 1775257967);
INSERT INTO transactions (id, asset_id, type, quantity, price, fees, transaction_date, notes, created_at) VALUES ('94XnKDd8TpNq6A2CFyjfk', 'Ae3Ka5MCS4znFBBv4dQ-p', 'buy', 87, 58.349998, 0, '2025-02-12', 'NSE', 1775257967);
INSERT INTO transactions (id, asset_id, type, quantity, price, fees, transaction_date, notes, created_at) VALUES ('T8UqA3_93aXNVneEUH_lN', '1OwpSzFKUDUsB2tyf_uF2', 'buy', 260, 22.959999, 0, '2025-02-12', 'NSE', 1775257968);
INSERT INTO transactions (id, asset_id, type, quantity, price, fees, transaction_date, notes, created_at) VALUES ('45RcKrSdeQyKLyeUel9AI', '1OwpSzFKUDUsB2tyf_uF2', 'buy', 40, 22.959999, 0, '2025-02-12', 'NSE', 1775257968);
INSERT INTO transactions (id, asset_id, type, quantity, price, fees, transaction_date, notes, created_at) VALUES ('Q2_FQATqkCOOcw8mcDZmZ', 'SCPI1U90p1TgWpruAS4fv', 'buy', 60, 93.029999, 0, '2025-02-12', 'NSE', 1775257970);
INSERT INTO transactions (id, asset_id, type, quantity, price, fees, transaction_date, notes, created_at) VALUES ('dGlGMzExb96mzXS8p63Cy', '8Rq-TMsY1cN5dlnJ0y8Dj', 'buy', 50, 254.669998, 0, '2025-02-17', 'NSE', 1775257964);
INSERT INTO transactions (id, asset_id, type, quantity, price, fees, transaction_date, notes, created_at) VALUES ('4HI5Ysniewc-GP9XCQh_m', '8Rq-TMsY1cN5dlnJ0y8Dj', 'buy', 36, 254.669998, 0, '2025-02-18', 'NSE', 1775257964);
INSERT INTO transactions (id, asset_id, type, quantity, price, fees, transaction_date, notes, created_at) VALUES ('hmGw2vRwbXho3feB-K3CS', '8Rq-TMsY1cN5dlnJ0y8Dj', 'buy', 14, 254.669998, 0, '2025-02-18', 'NSE', 1775257964);
INSERT INTO transactions (id, asset_id, type, quantity, price, fees, transaction_date, notes, created_at) VALUES ('IrA5qL0SB9JvshupjyZG2', '3Nydci6oOW35VR1V1I1hH', 'buy', 6, 2179.95, 0, '2025-02-24', 'BSE', 1775257961);
INSERT INTO transactions (id, asset_id, type, quantity, price, fees, transaction_date, notes, created_at) VALUES ('qDCCBf1fqmpOJUDSQ1Wj-', '8Rq-TMsY1cN5dlnJ0y8Dj', 'buy', 17, 253.5, 0, '2025-02-24', 'NSE', 1775257964);
INSERT INTO transactions (id, asset_id, type, quantity, price, fees, transaction_date, notes, created_at) VALUES ('BL0S1FGrdBtSKVEeDjGJP', '8Rq-TMsY1cN5dlnJ0y8Dj', 'buy', 18, 253.5, 0, '2025-02-24', 'NSE', 1775257964);
INSERT INTO transactions (id, asset_id, type, quantity, price, fees, transaction_date, notes, created_at) VALUES ('HHMi593sKhdjvJisw3Zg9', '8Rq-TMsY1cN5dlnJ0y8Dj', 'buy', 15, 253.5, 0, '2025-02-24', 'NSE', 1775257964);
INSERT INTO transactions (id, asset_id, type, quantity, price, fees, transaction_date, notes, created_at) VALUES ('n51DNEQJqUHMGKO9QeFES', '8Rq-TMsY1cN5dlnJ0y8Dj', 'buy', 36, 252.600006, 0, '2025-02-24', 'NSE', 1775257964);
INSERT INTO transactions (id, asset_id, type, quantity, price, fees, transaction_date, notes, created_at) VALUES ('UlX8DGW8rSTtEMsQ3FNun', '8Rq-TMsY1cN5dlnJ0y8Dj', 'buy', 25, 252.600006, 0, '2025-02-24', 'NSE', 1775257964);
INSERT INTO transactions (id, asset_id, type, quantity, price, fees, transaction_date, notes, created_at) VALUES ('kR21ZmwZX4XIVre0Lkfyy', '8Rq-TMsY1cN5dlnJ0y8Dj', 'buy', 39, 252.600006, 0, '2025-02-24', 'NSE', 1775257964);
INSERT INTO transactions (id, asset_id, type, quantity, price, fees, transaction_date, notes, created_at) VALUES ('oj4krif3DfTRhk9K8l4ur', 'Ae3Ka5MCS4znFBBv4dQ-p', 'buy', 102, 56.990002, 0, '2025-02-24', 'NSE', 1775257967);
INSERT INTO transactions (id, asset_id, type, quantity, price, fees, transaction_date, notes, created_at) VALUES ('fONLrjNSddWTTyau5xh2q', '1OwpSzFKUDUsB2tyf_uF2', 'buy', 71, 21.9, 0, '2025-02-24', 'BSE', 1775257968);
INSERT INTO transactions (id, asset_id, type, quantity, price, fees, transaction_date, notes, created_at) VALUES ('t16YFEzP8gg0N5T9U6Ods', '1OwpSzFKUDUsB2tyf_uF2', 'buy', 79, 21.9, 0, '2025-02-24', 'BSE', 1775257968);
INSERT INTO transactions (id, asset_id, type, quantity, price, fees, transaction_date, notes, created_at) VALUES ('p-24HCTJYXrbLiKTKnMjD', 'uRxzQepiwuHzZ_rnAqy0_', 'buy', 295.623, 84.5628, 0, '2025-02-24', 'BSE', 1775263689);
INSERT INTO transactions (id, asset_id, type, quantity, price, fees, transaction_date, notes, created_at) VALUES ('7SE5T4VWawUgkWqLt4JlU', 'ACPv0ezEtg_UWs17enw57', 'buy', 4, 3499.850098, 0, '2025-02-27', 'NSE', 1775257945);
INSERT INTO transactions (id, asset_id, type, quantity, price, fees, transaction_date, notes, created_at) VALUES ('T3MiEm5Nwy3uqgDZphOWG', 'Ae3Ka5MCS4znFBBv4dQ-p', 'buy', 100, 55.990002, 0, '2025-02-27', 'NSE', 1775257967);
INSERT INTO transactions (id, asset_id, type, quantity, price, fees, transaction_date, notes, created_at) VALUES ('Q6szIbs6IU3LOEi4jCwI-', '3Nydci6oOW35VR1V1I1hH', 'buy', 6, 2149.15, 0, '2025-02-28', 'BSE', 1775257961);
INSERT INTO transactions (id, asset_id, type, quantity, price, fees, transaction_date, notes, created_at) VALUES ('eMPMk10O3Oc1LnkJAPbHR', '8Rq-TMsY1cN5dlnJ0y8Dj', 'buy', 50, 247, 0, '2025-02-28', 'NSE', 1775257964);
INSERT INTO transactions (id, asset_id, type, quantity, price, fees, transaction_date, notes, created_at) VALUES ('Io9k6jXqGP8I5x8uC2IMH', '8Rq-TMsY1cN5dlnJ0y8Dj', 'buy', 50, 248.199997, 0, '2025-02-28', 'NSE', 1775257964);
INSERT INTO transactions (id, asset_id, type, quantity, price, fees, transaction_date, notes, created_at) VALUES ('6UTHtcDd9AwFwanQ7uMp3', 'uRxzQepiwuHzZ_rnAqy0_', 'buy', 299.417, 83.4913, 0, '2025-02-28', 'BSE', 1775263689);
INSERT INTO transactions (id, asset_id, type, quantity, price, fees, transaction_date, notes, created_at) VALUES ('sGszElqSYoCGwYF24pIbF', 'lPLkAophMES_oB52DhD4C', 'buy', 72, 206.240005, 0, '2025-03-03', 'NSE', 1775257966);
INSERT INTO transactions (id, asset_id, type, quantity, price, fees, transaction_date, notes, created_at) VALUES ('y2oTtgFz-mzekRxtoK1kQ', '1OwpSzFKUDUsB2tyf_uF2', 'buy', 350, 20.690001, 0, '2025-03-04', 'NSE', 1775257968);
INSERT INTO transactions (id, asset_id, type, quantity, price, fees, transaction_date, notes, created_at) VALUES ('1Vt34p565tEjPgJKSUM2l', 'LNsQ6zPpxh9_vnDK03MWW', 'buy', 1, 4891.600098, 0, '2025-03-04', 'NSE', 1775257969);
INSERT INTO transactions (id, asset_id, type, quantity, price, fees, transaction_date, notes, created_at) VALUES ('_04jy6TlAuqes5mpztdj1', 'crIu-lVfUeGf7wmVIlpCB', 'buy', 114, 87.599998, 0, '2025-03-05', 'NSE', 1775257965);
INSERT INTO transactions (id, asset_id, type, quantity, price, fees, transaction_date, notes, created_at) VALUES ('HYitiTS02kAtY4_AUmlZZ', 'LNsQ6zPpxh9_vnDK03MWW', 'buy', 1, 4913, 0, '2025-03-10', 'NSE', 1775257969);
INSERT INTO transactions (id, asset_id, type, quantity, price, fees, transaction_date, notes, created_at) VALUES ('EEbS63oolck5CMLw3t2cg', '8Rq-TMsY1cN5dlnJ0y8Dj', 'buy', 100, 245.100006, 0, '2025-04-07', 'NSE', 1775257964);
INSERT INTO transactions (id, asset_id, type, quantity, price, fees, transaction_date, notes, created_at) VALUES ('E654Wn6War_ULUPOGz3j5', 'uRxzQepiwuHzZ_rnAqy0_', 'buy', 304.642, 82.0594, 0, '2025-04-07', 'BSE', 1775263689);
INSERT INTO transactions (id, asset_id, type, quantity, price, fees, transaction_date, notes, created_at) VALUES ('FYsV6bmGdSNgRkLnOd2o3', 'UjIDPPP2aKXlkmdJHkCXv', 'buy', 2869.116, 17.4261, 0, '2025-04-08', 'BSE', 1775263690);
INSERT INTO transactions (id, asset_id, type, quantity, price, fees, transaction_date, notes, created_at) VALUES ('j_x7vfrzv7dgY5tx3DMTj', 'ACPv0ezEtg_UWs17enw57', 'sell', 6, 3893.399902, 0, '2025-05-09', 'BSE', 1775257945);
INSERT INTO transactions (id, asset_id, type, quantity, price, fees, transaction_date, notes, created_at) VALUES ('MqmOD9J9KUDzU7U2V5MFx', 'pqVgopBe9kb3bip22dEcG', 'sell', 12, 360.149994, 0, '2025-05-09', 'NSE', 1775257949);
INSERT INTO transactions (id, asset_id, type, quantity, price, fees, transaction_date, notes, created_at) VALUES ('Brow-sXXESiVpoYDDfxiR', 'H9EOjvAZF0BrtrbXA9Rxs', 'sell', 1, 2254, 0, '2025-05-09', 'NSE', 1775257963);
INSERT INTO transactions (id, asset_id, type, quantity, price, fees, transaction_date, notes, created_at) VALUES ('X9X_0hHi5kjSP-vb8epl-', 'H9EOjvAZF0BrtrbXA9Rxs', 'sell', 1, 2254, 0, '2025-05-09', 'NSE', 1775257963);
INSERT INTO transactions (id, asset_id, type, quantity, price, fees, transaction_date, notes, created_at) VALUES ('95a0MvH8RClapUuuFozkv', 'H9EOjvAZF0BrtrbXA9Rxs', 'sell', 3, 2254, 0, '2025-05-09', 'NSE', 1775257963);
INSERT INTO transactions (id, asset_id, type, quantity, price, fees, transaction_date, notes, created_at) VALUES ('UqD-SyypsYaRg1twUyWqv', 'H9EOjvAZF0BrtrbXA9Rxs', 'sell', 5, 2254, 0, '2025-05-09', 'NSE', 1775257963);
INSERT INTO transactions (id, asset_id, type, quantity, price, fees, transaction_date, notes, created_at) VALUES ('KJnDG55jBgpnkQVgcML73', 'jQb_C8z3X63CMD68lymje', 'sell', 72, 60.07, 0, '2025-05-09', 'BSE', 1775257964);
INSERT INTO transactions (id, asset_id, type, quantity, price, fees, transaction_date, notes, created_at) VALUES ('z5FqOugl01MqdWvLWdV6S', 'LNsQ6zPpxh9_vnDK03MWW', 'sell', 1, 5079, 0, '2025-05-09', 'NSE', 1775257969);
INSERT INTO transactions (id, asset_id, type, quantity, price, fees, transaction_date, notes, created_at) VALUES ('7USsylggd27S391YfGShF', 'LNsQ6zPpxh9_vnDK03MWW', 'sell', 3, 5079, 0, '2025-05-09', 'NSE', 1775257969);
INSERT INTO transactions (id, asset_id, type, quantity, price, fees, transaction_date, notes, created_at) VALUES ('glZY-GlHbemZl1wDXqUrt', 'SCPI1U90p1TgWpruAS4fv', 'sell', 60, 89.849998, 0, '2025-05-09', 'BSE', 1775257970);
INSERT INTO transactions (id, asset_id, type, quantity, price, fees, transaction_date, notes, created_at) VALUES ('ZROHkC4Gk-qWrPH3A1OXN', 'S5K9E2C8CrahmfwluwcyL', 'sell', 12, 2409.31, 0, '2025-05-09', 'sell considering corporate action (2025-05-09	SELL	21	1,376.75	28,911.75	BSE) -> 12 became 21', 1775258597);
INSERT INTO transactions (id, asset_id, type, quantity, price, fees, transaction_date, notes, created_at) VALUES ('ysupRSvDe_VpUZMHD6bcK', 'lPLkAophMES_oB52DhD4C', 'sell', 144, 246.199997, 0, '2025-05-09', NULL, 1775259891);
INSERT INTO transactions (id, asset_id, type, quantity, price, fees, transaction_date, notes, created_at) VALUES ('-t2fylM3vgd3YO4avSCqy', '2zhERUylgIABWnrE0MO8l', 'sell', 2, 2070.5, 0, '2025-05-15', 'BSE', 1775257960);
INSERT INTO transactions (id, asset_id, type, quantity, price, fees, transaction_date, notes, created_at) VALUES ('IGomlQaFe7Q2dXggvmomB', '2zhERUylgIABWnrE0MO8l', 'sell', 10, 2070.649902, 0, '2025-05-15', 'BSE', 1775257960);
INSERT INTO transactions (id, asset_id, type, quantity, price, fees, transaction_date, notes, created_at) VALUES ('I_-lT3ygrk5_hBASaDFwV', 'ioA3ZnQMvXBGdQq7YqWy0', 'buy', 99055.44, 1, 0, '2025-05-26', 'Initial balance', 1775286185);
INSERT INTO transactions (id, asset_id, type, quantity, price, fees, transaction_date, notes, created_at) VALUES ('3WxfZFISRSj9CFXoIdFrA', 'vignqUdXAT6RYVc7AvYfB', 'buy', 40, 119.34, 0, '2025-06-15', 'Imported from Excel', 1775288093);
INSERT INTO transactions (id, asset_id, type, quantity, price, fees, transaction_date, notes, created_at) VALUES ('BU_VMhMjn8QX9lswJsY3X', '2GwoYAOHj2DtFdIDyWyEt', 'buy', 102, 97.199997, 0, '2025-07-07', 'NSE', 1775257971);
INSERT INTO transactions (id, asset_id, type, quantity, price, fees, transaction_date, notes, created_at) VALUES ('u_3DxuZ1K5aGChzM7_nc7', '1gIICAtb2EtUoc2mF0YHt', 'buy', 132, 150.300003, 0, '2025-07-24', 'BSE', 1775257956);
INSERT INTO transactions (id, asset_id, type, quantity, price, fees, transaction_date, notes, created_at) VALUES ('zcSorChm3edW5ZittxsLE', 'm7otwxA35owAEaJvalbZ2', 'buy', 21, 43.42, 0, '2025-08-06', 'HUL demerger - received from HINDUNILVR.NS holding', 1775263077);
INSERT INTO transactions (id, asset_id, type, quantity, price, fees, transaction_date, notes, created_at) VALUES ('PwF396uWwUjLCPKRZAZOx', 'S5K9E2C8CrahmfwluwcyL', 'buy', 15, 1354.800049, 0, '2025-08-29', 'NSE', 1775257954);
INSERT INTO transactions (id, asset_id, type, quantity, price, fees, transaction_date, notes, created_at) VALUES ('8nwiomCj1VTaartChGTO2', '-tFK5F9Xifil2YeIOikZP', 'buy', 15, 364, 0, '2025-08-29', 'NSE', 1775257971);
INSERT INTO transactions (id, asset_id, type, quantity, price, fees, transaction_date, notes, created_at) VALUES ('uF2UV4fDibpPW851_rRPV', '-tFK5F9Xifil2YeIOikZP', 'buy', 23, 364, 0, '2025-08-29', 'NSE', 1775257971);
INSERT INTO transactions (id, asset_id, type, quantity, price, fees, transaction_date, notes, created_at) VALUES ('oTeVgIIxWtdJH42IBaYow', '-tFK5F9Xifil2YeIOikZP', 'buy', 4, 364, 0, '2025-08-29', 'NSE', 1775257971);
INSERT INTO transactions (id, asset_id, type, quantity, price, fees, transaction_date, notes, created_at) VALUES ('kuCQ8XFtzo2VDEYrinr94', '-tFK5F9Xifil2YeIOikZP', 'buy', 4, 364, 0, '2025-08-29', 'NSE', 1775257971);
INSERT INTO transactions (id, asset_id, type, quantity, price, fees, transaction_date, notes, created_at) VALUES ('9sJrbLaB0O0m0ra7h2K3C', '-tFK5F9Xifil2YeIOikZP', 'buy', 2, 364, 0, '2025-08-29', 'NSE', 1775257971);
INSERT INTO transactions (id, asset_id, type, quantity, price, fees, transaction_date, notes, created_at) VALUES ('zy_0sR2JZQ6OHqKSe8PTr', '-tFK5F9Xifil2YeIOikZP', 'buy', 2, 364, 0, '2025-08-29', 'NSE', 1775257971);
INSERT INTO transactions (id, asset_id, type, quantity, price, fees, transaction_date, notes, created_at) VALUES ('ZWHQt_s4mwIeCBsnK-ZnX', '-tFK5F9Xifil2YeIOikZP', 'buy', 3, 363.799988, 0, '2025-08-29', 'NSE', 1775257971);
INSERT INTO transactions (id, asset_id, type, quantity, price, fees, transaction_date, notes, created_at) VALUES ('8y8Vi_fsS5mqqhGwphASK', '-tFK5F9Xifil2YeIOikZP', 'buy', 1, 363.799988, 0, '2025-08-29', 'NSE', 1775257971);
INSERT INTO transactions (id, asset_id, type, quantity, price, fees, transaction_date, notes, created_at) VALUES ('mgJ2aegQYuTMSyMsZtTQf', 'LNsQ6zPpxh9_vnDK03MWW', 'buy', 1, 4684, 0, '2025-09-26', 'NSE', 1775257969);
INSERT INTO transactions (id, asset_id, type, quantity, price, fees, transaction_date, notes, created_at) VALUES ('d4cAHPqU1cyKDL_lsMM1Z', 'LNsQ6zPpxh9_vnDK03MWW', 'buy', 2, 4684, 0, '2025-09-26', 'NSE', 1775257969);
INSERT INTO transactions (id, asset_id, type, quantity, price, fees, transaction_date, notes, created_at) VALUES ('3CjwnysLOmuPqexN6pXm9', 'RAyfN-DhbaotmZvtcn2IO', 'buy', 13, 1169.5, 0, '2025-10-08', 'NSE', 1775257972);
INSERT INTO transactions (id, asset_id, type, quantity, price, fees, transaction_date, notes, created_at) VALUES ('n6L-Ci52HkC5iUoHqPJOo', 'RAyfN-DhbaotmZvtcn2IO', 'buy', 2, 1169.400024, 0, '2025-10-08', 'NSE', 1775257972);
INSERT INTO transactions (id, asset_id, type, quantity, price, fees, transaction_date, notes, created_at) VALUES ('anXCtNbFSayiOaInZ_oEr', 'ZoQv6aA9KznOE_9UzcqZH', 'buy', 56000, 1, 0, '2025-10-25', 'Initial balance', 1775284063);
INSERT INTO transactions (id, asset_id, type, quantity, price, fees, transaction_date, notes, created_at) VALUES ('MkHKHPvlGaS87lIFZc3-l', 'fHeS5LhYC6K-8LRPPyMS2', 'buy', 12, 1345.050049, 0, '2025-10-31', 'BSE', 1775257953);
INSERT INTO transactions (id, asset_id, type, quantity, price, fees, transaction_date, notes, created_at) VALUES ('__yNqPslPt_efsdQiItqH', '5NUZgplEFr72oJJHEjNZN', 'buy', 2, 1765.400024, 0, '2025-12-23', 'NSE', 1775257973);
INSERT INTO transactions (id, asset_id, type, quantity, price, fees, transaction_date, notes, created_at) VALUES ('ZCtnzbOACtu-AbMJF7bDv', '5NUZgplEFr72oJJHEjNZN', 'buy', 2, 1765.400024, 0, '2025-12-23', 'NSE', 1775257973);
INSERT INTO transactions (id, asset_id, type, quantity, price, fees, transaction_date, notes, created_at) VALUES ('U8I7HJw0Att5Fn4Hq2leb', '5NUZgplEFr72oJJHEjNZN', 'buy', 2, 1765.400024, 0, '2025-12-23', 'NSE', 1775257973);
INSERT INTO transactions (id, asset_id, type, quantity, price, fees, transaction_date, notes, created_at) VALUES ('EJtdibj9k20glMxD7eti5', '5NUZgplEFr72oJJHEjNZN', 'buy', 6, 1765.400024, 0, '2025-12-23', 'NSE', 1775257973);
INSERT INTO transactions (id, asset_id, type, quantity, price, fees, transaction_date, notes, created_at) VALUES ('4IdBy5xZvw6UhR2IFDPRA', 't6hnW9_5A-ab5Ho-OBYkH', 'buy', 22.035, 2269.034, 0, '2025-12-23', 'BSE', 1775263690);
INSERT INTO transactions (id, asset_id, type, quantity, price, fees, transaction_date, notes, created_at) VALUES ('jESJaIO4xGejof9uCZbhb', '_Jt2pDh51o61ipkExjllh', 'buy', 51, 430, 0, '2025-12-30', 'NSE', 1775257973);
INSERT INTO transactions (id, asset_id, type, quantity, price, fees, transaction_date, notes, created_at) VALUES ('z8Dju8T0sPNxcX9KKuNuD', 'Ssm-PMrBkFQ8JnDqy62Y3', 'buy', 21000, 1, 0, '2025-12-31', 'Initial balance', 1775283726);
INSERT INTO transactions (id, asset_id, type, quantity, price, fees, transaction_date, notes, created_at) VALUES ('9226lmofKx5XN_MUg7FHA', 'R9QEp0g2rbSDQzo0gaf9x', 'buy', 13, 12000, 0, '2026-01-01', 'using a staring price', 1775282752);
INSERT INTO transactions (id, asset_id, type, quantity, price, fees, transaction_date, notes, created_at) VALUES ('gVcA1p3T925BYXCf9sbpu', 'm4X85IcncCi5gBOu7cp6Z', 'buy', 33.095, 3021.453, 0, '2026-01-05', 'BSE', 1775263691);
INSERT INTO transactions (id, asset_id, type, quantity, price, fees, transaction_date, notes, created_at) VALUES ('deTX3J0NvbwQO1spJ4p2E', 'ld5qdoegXISLSwhBZT___', 'buy', 60, 346, 0, '2026-01-06', 'NSE', 1775259209);
INSERT INTO transactions (id, asset_id, type, quantity, price, fees, transaction_date, notes, created_at) VALUES ('sOSDHGDK_4XZhjU83qT6k', 'm4X85IcncCi5gBOu7cp6Z', 'buy', 33.089, 3021.963, 0, '2026-01-06', 'BSE', 1775263691);
INSERT INTO transactions (id, asset_id, type, quantity, price, fees, transaction_date, notes, created_at) VALUES ('k9lS7AOo1fNzJHxaNHXk_', 'AXvjlTxe-IgAgUlmjA0gh', 'buy', 330, 56.130001, 0, '2026-01-09', 'NSE', 1775259209);
INSERT INTO transactions (id, asset_id, type, quantity, price, fees, transaction_date, notes, created_at) VALUES ('4DLH2n63LeJTttZDGd24Y', 'LNsQ6zPpxh9_vnDK03MWW', 'buy', 6, 3912.199951, 0, '2026-01-13', 'NSE', 1775259209);
INSERT INTO transactions (id, asset_id, type, quantity, price, fees, transaction_date, notes, created_at) VALUES ('p7z6zqOWbxxStzLwU4_rs', 't6hnW9_5A-ab5Ho-OBYkH', 'buy', 4.413, 2265.943, 0, '2026-01-19', 'BSE', 1775263690);
INSERT INTO transactions (id, asset_id, type, quantity, price, fees, transaction_date, notes, created_at) VALUES ('926LEOVW2uzpo_lfJFu9-', 'MuEstP5jFFTt78PLeosod', 'buy', 400.661, 49.915, 0, '2026-01-19', 'BSE', 1775263691);
INSERT INTO transactions (id, asset_id, type, quantity, price, fees, transaction_date, notes, created_at) VALUES ('7WA8BQpDndMpySOetJqem', 'X53kR4dwuiMV-uzznuuup', 'buy', 89.772, 222.776, 0, '2026-01-19', 'BSE', 1775263692);
INSERT INTO transactions (id, asset_id, type, quantity, price, fees, transaction_date, notes, created_at) VALUES ('lJWHMVbXsQJ0gJGQj8DSl', 'p9s5WoWAKRSQURWc7-s6Z', 'buy', 1209.458, 16.5355, 0, '2026-01-19', 'BSE', 1775263693);
INSERT INTO transactions (id, asset_id, type, quantity, price, fees, transaction_date, notes, created_at) VALUES ('vIvBA3i9f5-o3xHShWtQM', 'psMB0wyj4VTmcKG-WXAFL', 'buy', 81.742, 244.6598, 0, '2026-01-19', 'BSE', 1775263693);
INSERT INTO transactions (id, asset_id, type, quantity, price, fees, transaction_date, notes, created_at) VALUES ('MpJUTfY8CNT3HFwRFhS4A', 'uRxzQepiwuHzZ_rnAqy0_', 'buy', 106.547, 93.8504, 0, '2026-01-19', 'BSE', 1775263694);
INSERT INTO transactions (id, asset_id, type, quantity, price, fees, transaction_date, notes, created_at) VALUES ('Qakb2wtmECc3cpe7Jaq7K', 'wT3vhMY-I7sFT_qFFPy9H', 'buy', 30, 700, 0, '2026-01-20', 'NSE', 1775259209);
INSERT INTO transactions (id, asset_id, type, quantity, price, fees, transaction_date, notes, created_at) VALUES ('cd4VBdFAwbX2kXSv5njgv', '4SztUQhKXyPH8GkBKQ0dw', 'buy', 15, 1360, 0, '2026-01-21', 'NSE', 1775259210);
INSERT INTO transactions (id, asset_id, type, quantity, price, fees, transaction_date, notes, created_at) VALUES ('uE3fce7LU00NkH-uRBYOq', 'CoZ25siAqNn5oqohX2ckn', 'buy', 51, 464, 0, '2026-01-21', 'NSE', 1775259210);
INSERT INTO transactions (id, asset_id, type, quantity, price, fees, transaction_date, notes, created_at) VALUES ('hPT-0xciV1Cq9kLZB1Zqx', 'WJMBa76QQCiQk2cG7WXQm', 'buy', 51, 417, 0, '2026-01-21', 'NSE', 1775259211);
INSERT INTO transactions (id, asset_id, type, quantity, price, fees, transaction_date, notes, created_at) VALUES ('6pdjWYzTQ-1zwsI09m6vE', 'rN1VUvEWFbzyWZh6JHCiq', 'buy', 21, 917.599976, 0, '2026-01-21', 'BSE', 1775259211);
INSERT INTO transactions (id, asset_id, type, quantity, price, fees, transaction_date, notes, created_at) VALUES ('IKGx5ZcZwPqLm_PyP8pNM', 'kFiP7FBPFC2RSlqGrUXWA', 'buy', 33, 603.849976, 0, '2026-01-23', 'NSE', 1775259211);
INSERT INTO transactions (id, asset_id, type, quantity, price, fees, transaction_date, notes, created_at) VALUES ('RNrWEYHXD78zM5AJBdzps', 'wYY49PTJMk94vV20R-1Dh', 'buy', 1, 304.200012, 0, '2026-01-27', 'NSE', 1775259212);
INSERT INTO transactions (id, asset_id, type, quantity, price, fees, transaction_date, notes, created_at) VALUES ('fCP4JsH8z4IUJk_LKcoJq', 'wYY49PTJMk94vV20R-1Dh', 'buy', 1, 304.200012, 0, '2026-01-27', 'NSE', 1775259212);
INSERT INTO transactions (id, asset_id, type, quantity, price, fees, transaction_date, notes, created_at) VALUES ('-njJ40U0h1lNhV1AMvp15', 'wYY49PTJMk94vV20R-1Dh', 'buy', 1, 304.200012, 0, '2026-01-27', 'NSE', 1775259212);
INSERT INTO transactions (id, asset_id, type, quantity, price, fees, transaction_date, notes, created_at) VALUES ('z2mFobA6j4wmZkIFQzr77', 'wYY49PTJMk94vV20R-1Dh', 'buy', 1, 304.200012, 0, '2026-01-27', 'NSE', 1775259212);
INSERT INTO transactions (id, asset_id, type, quantity, price, fees, transaction_date, notes, created_at) VALUES ('-MrkkQYtrs3cGGdFu3jaa', 'wYY49PTJMk94vV20R-1Dh', 'buy', 1, 304.200012, 0, '2026-01-27', 'NSE', 1775259212);
INSERT INTO transactions (id, asset_id, type, quantity, price, fees, transaction_date, notes, created_at) VALUES ('nMXPLzbWb9q9gfIQFJaFf', 'wYY49PTJMk94vV20R-1Dh', 'buy', 2, 304.200012, 0, '2026-01-27', 'NSE', 1775259212);
INSERT INTO transactions (id, asset_id, type, quantity, price, fees, transaction_date, notes, created_at) VALUES ('oeVJhLfw6pdbba1asXug5', 'wYY49PTJMk94vV20R-1Dh', 'buy', 2, 304.200012, 0, '2026-01-27', 'NSE', 1775259212);
INSERT INTO transactions (id, asset_id, type, quantity, price, fees, transaction_date, notes, created_at) VALUES ('fbim4-HBI-Yqt-FfXk_3n', 'wYY49PTJMk94vV20R-1Dh', 'buy', 57, 304.200012, 0, '2026-01-27', 'NSE', 1775259212);
INSERT INTO transactions (id, asset_id, type, quantity, price, fees, transaction_date, notes, created_at) VALUES ('bB3_7RMrUGnh3NuLsHS4U', 'MuEstP5jFFTt78PLeosod', 'buy', 522.691, 47.827, 0, '2026-01-27', 'BSE', 1775263691);
INSERT INTO transactions (id, asset_id, type, quantity, price, fees, transaction_date, notes, created_at) VALUES ('Nzw9hw79_uJ-adQnb3I6-', 'X53kR4dwuiMV-uzznuuup', 'buy', 114.755, 217.845, 0, '2026-01-27', 'BSE', 1775263692);
INSERT INTO transactions (id, asset_id, type, quantity, price, fees, transaction_date, notes, created_at) VALUES ('FCLaGY9WsXxO8fsS26plE', 'O6O-axAo8fF68IUoQ5rT0', 'buy', 3, 10100, 0, '2026-01-30', 'NSE', 1775259212);
INSERT INTO transactions (id, asset_id, type, quantity, price, fees, transaction_date, notes, created_at) VALUES ('LJYsnOplqWEtH5WPJ7LxB', 'oWafrpUwYMY6Ry4eoON1U', 'buy', 51934, 1, 0, '2026-01-31', 'Initial balance', 1775280483);
INSERT INTO transactions (id, asset_id, type, quantity, price, fees, transaction_date, notes, created_at) VALUES ('FysNrUSC7DoidgtenmUc3', 'YyaryHilHCAi7WOCjkaUT', 'buy', 25, 150, 0, '2026-01-31', 'Initial purchase', 1775284455);
INSERT INTO transactions (id, asset_id, type, quantity, price, fees, transaction_date, notes, created_at) VALUES ('5GKS_zV-IKSB3Vj-JYgxW', 'wT3vhMY-I7sFT_qFFPy9H', 'buy', 45, 674.919983, 0, '2026-02-01', 'NSE', 1775259209);
INSERT INTO transactions (id, asset_id, type, quantity, price, fees, transaction_date, notes, created_at) VALUES ('qA9Zs_eRKRqgAcIVAyVkf', '8Rq-TMsY1cN5dlnJ0y8Dj', 'buy', 108, 280, 0, '2026-02-01', 'NSE', 1775259212);
INSERT INTO transactions (id, asset_id, type, quantity, price, fees, transaction_date, notes, created_at) VALUES ('kTsjEe1iIRZzwWLq9faym', 'AXvjlTxe-IgAgUlmjA0gh', 'buy', 375, 53, 0, '2026-02-02', 'NSE', 1775259209);
INSERT INTO transactions (id, asset_id, type, quantity, price, fees, transaction_date, notes, created_at) VALUES ('PlTRcXn7dvvVDtKCw1LAI', 'fm-iWa30iqVhsLqpymR5I', 'sell', 60, 209.369995, 0, '2026-02-02', 'NSE', 1775259212);
INSERT INTO transactions (id, asset_id, type, quantity, price, fees, transaction_date, notes, created_at) VALUES ('VuZTfi6e3DGpTLdyBRB-U', '7EvP9hlZHIEnV0YVpaU1n', 'sell', 10, 215.470001, 0, '2026-02-02', 'NSE', 1775259212);
INSERT INTO transactions (id, asset_id, type, quantity, price, fees, transaction_date, notes, created_at) VALUES ('1Iy24QkDNNUWtRqZoOwrP', '7EvP9hlZHIEnV0YVpaU1n', 'sell', 104, 215.270004, 0, '2026-02-02', 'NSE', 1775259212);
INSERT INTO transactions (id, asset_id, type, quantity, price, fees, transaction_date, notes, created_at) VALUES ('xwWRWh35yGphN8WtjBUa2', 'Zate5ONus46COQ-xSt6QF', 'buy', 12, 1330.900024, 0, '2026-02-06', 'NSE', 1775259213);
INSERT INTO transactions (id, asset_id, type, quantity, price, fees, transaction_date, notes, created_at) VALUES ('iw-xdVta0L-ocH0PKmliJ', 't6hnW9_5A-ab5Ho-OBYkH', 'buy', 4.409, 2268.172, 0, '2026-02-06', 'BSE', 1775263690);
INSERT INTO transactions (id, asset_id, type, quantity, price, fees, transaction_date, notes, created_at) VALUES ('qGdI7VDO9zxg8J6XsI4Ww', 'MuEstP5jFFTt78PLeosod', 'buy', 399.86, 50.015, 0, '2026-02-06', 'BSE', 1775263691);
INSERT INTO transactions (id, asset_id, type, quantity, price, fees, transaction_date, notes, created_at) VALUES ('PsxL182_Dii60M8MAzKRk', 'X53kR4dwuiMV-uzznuuup', 'buy', 89.297, 223.961, 0, '2026-02-06', 'BSE', 1775263692);
INSERT INTO transactions (id, asset_id, type, quantity, price, fees, transaction_date, notes, created_at) VALUES ('Pfy6HckZIxmaLhWqWxCKS', 'psMB0wyj4VTmcKG-WXAFL', 'buy', 82.069, 243.686, 0, '2026-02-06', 'BSE', 1775263693);
INSERT INTO transactions (id, asset_id, type, quantity, price, fees, transaction_date, notes, created_at) VALUES ('hhM4EMACUKsxCM4osOyQB', 'uRxzQepiwuHzZ_rnAqy0_', 'buy', 106.615, 93.7911, 0, '2026-02-06', 'BSE', 1775263694);
INSERT INTO transactions (id, asset_id, type, quantity, price, fees, transaction_date, notes, created_at) VALUES ('VFTvTSN0LSDLlDEw-ib8q', 'd5FPX6WCzjTmydIqkQOoU', 'buy', 6, 2877, 0, '2026-02-12', 'NSE', 1775259213);
INSERT INTO transactions (id, asset_id, type, quantity, price, fees, transaction_date, notes, created_at) VALUES ('SACDbEJRofwGtgQwOutuO', 'hSIN-8HIM5Tj7R3ec9l3s', 'buy', 20, 1400, 0, '2026-02-12', 'NSE', 1775259213);
INSERT INTO transactions (id, asset_id, type, quantity, price, fees, transaction_date, notes, created_at) VALUES ('_2Gu9V-x8ctfElYO4_TAq', 'Y_vOeXtOv9ZbzRSmj-khn', 'buy', 500, 34.869999, 0, '2026-02-13', 'NSE', 1775259214);
INSERT INTO transactions (id, asset_id, type, quantity, price, fees, transaction_date, notes, created_at) VALUES ('zjPApGlQaelperApLndRE', 'Y_vOeXtOv9ZbzRSmj-khn', 'buy', 600, 34, 0, '2026-02-24', 'NSE', 1775259214);
INSERT INTO transactions (id, asset_id, type, quantity, price, fees, transaction_date, notes, created_at) VALUES ('zNpVrBCBPTANDK5qvHYsr', '_HPncdXzTkVrCSQOgG59X', 'buy', 51000, 1, 0, '2026-02-25', 'Initial balance', 1775283787);
INSERT INTO transactions (id, asset_id, type, quantity, price, fees, transaction_date, notes, created_at) VALUES ('WLr_Cx-jiyb3suOiGA_yS', 't6hnW9_5A-ab5Ho-OBYkH', 'buy', 6.712, 2234.639, 0, '2026-03-02', 'BSE', 1775263690);
INSERT INTO transactions (id, asset_id, type, quantity, price, fees, transaction_date, notes, created_at) VALUES ('WFWvIvvSUmsjMZKwn_O0p', 'MuEstP5jFFTt78PLeosod', 'buy', 519.444, 48.126, 0, '2026-03-02', 'BSE', 1775263691);
INSERT INTO transactions (id, asset_id, type, quantity, price, fees, transaction_date, notes, created_at) VALUES ('u--61TqJbr5uqLYw-Lqgp', 'X53kR4dwuiMV-uzznuuup', 'buy', 113.539, 220.177, 0, '2026-03-02', 'BSE', 1775263692);
INSERT INTO transactions (id, asset_id, type, quantity, price, fees, transaction_date, notes, created_at) VALUES ('k5tE14MWwyBNeSDHzRD3E', 'psMB0wyj4VTmcKG-WXAFL', 'buy', 84.625, 236.325, 0, '2026-03-02', 'BSE', 1775263693);
INSERT INTO transactions (id, asset_id, type, quantity, price, fees, transaction_date, notes, created_at) VALUES ('nBdHr6rNMjEYFtE0u5nZd', 'uRxzQepiwuHzZ_rnAqy0_', 'buy', 164.066, 91.422, 0, '2026-03-02', 'BSE', 1775263694);
INSERT INTO transactions (id, asset_id, type, quantity, price, fees, transaction_date, notes, created_at) VALUES ('pXLss8DgZeZ-5-HJCbG9M', '8Rq-TMsY1cN5dlnJ0y8Dj', 'buy', 150, 275.440002, 0, '2026-03-04', 'NSE', 1775259212);
INSERT INTO transactions (id, asset_id, type, quantity, price, fees, transaction_date, notes, created_at) VALUES ('XZYpvysjwR98j09ygD_WU', 'EhWNjA1gjpmq4u8iWaBR9', 'buy', 27, 735.799988, 0, '2026-03-04', 'NSE', 1775259214);
INSERT INTO transactions (id, asset_id, type, quantity, price, fees, transaction_date, notes, created_at) VALUES ('ugFxN5vaxshRKuDbt83Rr', 'RzRKhlA3ypjz4saHXL-Sr', 'buy', 3, 438.049988, 0, '2026-03-04', 'NSE', 1775259214);
INSERT INTO transactions (id, asset_id, type, quantity, price, fees, transaction_date, notes, created_at) VALUES ('qwezD8WpK-jH0eamWf6-R', 'RzRKhlA3ypjz4saHXL-Sr', 'buy', 42, 438, 0, '2026-03-04', 'NSE', 1775259214);
INSERT INTO transactions (id, asset_id, type, quantity, price, fees, transaction_date, notes, created_at) VALUES ('9oEKVIpZ8Krix1RNKJZku', 'bIbDvkSR8iZN9WoIYbUHu', 'buy', 201, 154.759995, 0, '2026-03-04', 'NSE', 1775259215);
INSERT INTO transactions (id, asset_id, type, quantity, price, fees, transaction_date, notes, created_at) VALUES ('375EYHKHqYKdyaiz0X09i', '3Nydci6oOW35VR1V1I1hH', 'buy', 9, 2254, 0, '2026-03-05', 'BSE', 1775259215);
INSERT INTO transactions (id, asset_id, type, quantity, price, fees, transaction_date, notes, created_at) VALUES ('x7x6tVry90sFDQVuLaf3K', 'm4X85IcncCi5gBOu7cp6Z', 'sell', 66, 3051.1106, 0, '2026-03-05', 'NSE — backfilled from Zerodha tradebook (import had split symbol keys)', 1775265431);
INSERT INTO transactions (id, asset_id, type, quantity, price, fees, transaction_date, notes, created_at) VALUES ('rYsBng9wV2Yyz8ZRO8rDJ', 'wT3vhMY-I7sFT_qFFPy9H', 'buy', 45, 672, 0, '2026-03-09', 'NSE', 1775259209);
INSERT INTO transactions (id, asset_id, type, quantity, price, fees, transaction_date, notes, created_at) VALUES ('l-o_4wfvJxR7KLZxmxULs', '8Rq-TMsY1cN5dlnJ0y8Dj', 'buy', 186, 269.100006, 0, '2026-03-11', 'NSE', 1775259212);
INSERT INTO transactions (id, asset_id, type, quantity, price, fees, transaction_date, notes, created_at) VALUES ('7RlR0SFVRpL6Y-6h-S6_-', 'hSIN-8HIM5Tj7R3ec9l3s', 'buy', 15, 1275, 0, '2026-03-11', 'NSE', 1775259213);
INSERT INTO transactions (id, asset_id, type, quantity, price, fees, transaction_date, notes, created_at) VALUES ('4BVesPa_r8DuD8DqO88RD', 'wT3vhMY-I7sFT_qFFPy9H', 'buy', 18, 665.320007, 0, '2026-03-13', 'NSE', 1775259209);
INSERT INTO transactions (id, asset_id, type, quantity, price, fees, transaction_date, notes, created_at) VALUES ('etI0uhYVEpALv_swNbHBQ', '8Rq-TMsY1cN5dlnJ0y8Dj', 'buy', 90, 261.279999, 0, '2026-03-13', 'NSE', 1775259212);
INSERT INTO transactions (id, asset_id, type, quantity, price, fees, transaction_date, notes, created_at) VALUES ('gl1-5a6AfwhTOdiGsPsOZ', 'fm-iWa30iqVhsLqpymR5I', 'buy', 120, 203.080002, 0, '2026-03-23', 'NSE', 1775259212);
INSERT INTO transactions (id, asset_id, type, quantity, price, fees, transaction_date, notes, created_at) VALUES ('8mdSXuMf4X5efDbUSLM5m', '1wMESz1iqwdjJ_HuaEE6I', 'buy', 100, 210.809998, 0, '2026-03-23', 'NSE', 1775259216);
INSERT INTO transactions (id, asset_id, type, quantity, price, fees, transaction_date, notes, created_at) VALUES ('OWPijdcaYIlU4R5WXQLmK', '1wMESz1iqwdjJ_HuaEE6I', 'buy', 20, 210.759995, 0, '2026-03-23', 'NSE', 1775259216);
INSERT INTO transactions (id, asset_id, type, quantity, price, fees, transaction_date, notes, created_at) VALUES ('abV9xvebhASwMUa-iYsb_', 'cVliMw1zKGjSGjmkPxMUL', 'buy', 150, 117.839996, 0, '2026-03-23', 'NSE', 1775259216);
INSERT INTO transactions (id, asset_id, type, quantity, price, fees, transaction_date, notes, created_at) VALUES ('bYaRXkdu6lFdBHFTz_urb', 'Tjz8MSMpwW1DXznEC5u6Z', 'buy', 112, 111.720001, 0, '2026-03-23', 'BSE', 1775259217);
INSERT INTO transactions (id, asset_id, type, quantity, price, fees, transaction_date, notes, created_at) VALUES ('mSPZIfZsfixKTGViYJSAF', 'Tjz8MSMpwW1DXznEC5u6Z', 'buy', 38, 111.709999, 0, '2026-03-23', 'BSE', 1775259217);
INSERT INTO transactions (id, asset_id, type, quantity, price, fees, transaction_date, notes, created_at) VALUES ('iRe9a3otieyQgjpVE62CA', 't6hnW9_5A-ab5Ho-OBYkH', 'buy', 7.513, 1996.492, 0, '2026-03-30', 'BSE', 1775263690);
INSERT INTO transactions (id, asset_id, type, quantity, price, fees, transaction_date, notes, created_at) VALUES ('RiTk_Re2s_S9rMp8mDYXO', 'MuEstP5jFFTt78PLeosod', 'buy', 560.121, 44.631, 0, '2026-03-30', 'BSE', 1775263691);
INSERT INTO transactions (id, asset_id, type, quantity, price, fees, transaction_date, notes, created_at) VALUES ('8IDfhHP9GMyQF-JYpK91U', 'X53kR4dwuiMV-uzznuuup', 'buy', 125.359, 199.417, 0, '2026-03-30', 'BSE', 1775263692);
INSERT INTO transactions (id, asset_id, type, quantity, price, fees, transaction_date, notes, created_at) VALUES ('yMIxNMNN2biL_quruPtfq', 'uRxzQepiwuHzZ_rnAqy0_', 'buy', 175.924, 85.2599, 0, '2026-03-30', 'BSE', 1775263694);
INSERT INTO transactions (id, asset_id, type, quantity, price, fees, transaction_date, notes, created_at) VALUES ('JaseMcFRLF5ZmTwUxP109', 'psMB0wyj4VTmcKG-WXAFL', 'buy', 91.307, 219.0311, 0, '2026-03-30', 'BSE', 1775263695);
INSERT INTO transactions (id, asset_id, type, quantity, price, fees, transaction_date, notes, created_at) VALUES ('oZvzB-3y8MDsJMJUTxC0h', 'oOzANvFenyMyThzsGVrUJ', 'buy', 578819, 1, 0, '2026-03-31', 'Initial balance', 1775280662);
INSERT INTO transactions (id, asset_id, type, quantity, price, fees, transaction_date, notes, created_at) VALUES ('GxULPasRuZQ_QeKc8fUXU', 'sKrvAFoQdkFC9bdTaqm8e', 'buy', 128018.76, 1, 0, '2026-03-31', 'Initial balance', 1775281278);
INSERT INTO transactions (id, asset_id, type, quantity, price, fees, transaction_date, notes, created_at) VALUES ('jRtcT4IXei_BxXkMwtJRG', '1ndPblVXEgeKWrW0PsW9J', 'buy', 16990.5, 1, 0, '2026-04-04', 'Initial balance', 1775285482);
INSERT INTO transactions (id, asset_id, type, quantity, price, fees, transaction_date, notes, created_at) VALUES ('Dba23eSxKhMhMkWUSFBe7', 'dy9sAMX2LSVlpz-6V7YNy', 'buy', 326.31, 1, 0, '2026-04-04', 'Initial balance', 1775285806);
INSERT INTO transactions (id, asset_id, type, quantity, price, fees, transaction_date, notes, created_at) VALUES ('k5oicf17A59rU3Pei_vDQ', 'F61Ne3m7hHy3PSHsOIHZf', 'buy', 200000, 1, 0, '2026-04-04', 'Initial balance', 1775286074);
INSERT INTO transactions (id, asset_id, type, quantity, price, fees, transaction_date, notes, created_at) VALUES ('K00zMvu19n_0_pPJorI52', 'pqqW81D-jOuTbrsCmI1KA', 'buy', 180847.28, 1, 0, '2026-04-04', 'Initial balance', 1775286308);
INSERT INTO transactions (id, asset_id, type, quantity, price, fees, transaction_date, notes, created_at) VALUES ('d7yfAFdEBuvtXwJyj0z1M', 't6pXxaTKwHagFq5VpJLbH', 'buy', 503192, 1, 0, '2026-04-04', 'Dad''s total invested amount', 1775286709);

-- ============================================================
-- TAGS
-- ============================================================
INSERT INTO tags (id, name, color, description, created_at) VALUES ('QJg0P2JAOO6u7B1RLDZEQ', 'Groww', '#2c2c44', NULL, 1775277679);
INSERT INTO tags (id, name, color, description, created_at) VALUES ('BpD3RfFDv61NL8ANKyk8O', 'Liquid', '#22c55e', NULL, 1775284320);
INSERT INTO tags (id, name, color, description, created_at) VALUES ('t1JoOPyphkA14mX3pD8Xa', 'Long term holding', '#3b82f6', NULL, 1775271711);
INSERT INTO tags (id, name, color, description, created_at) VALUES ('G0ESYiqhDhMy59_vHFQ1t', 'Non-Liquid', '#5f0202', NULL, 1775284311);
INSERT INTO tags (id, name, color, description, created_at) VALUES ('6Kd68akuJLWksvsaAMQ2Y', 'Risky', '#ef4444', NULL, 1775271743);
INSERT INTO tags (id, name, color, description, created_at) VALUES ('I8i04aZR0ST82_NYMyHlB', 'Swing', '#ec4899', NULL, 1775271688);
INSERT INTO tags (id, name, color, description, created_at) VALUES ('sB20ysljXKOA6BdJzvUFN', 'Zerodha', '#71717a', NULL, 1775277660);

-- ============================================================
-- ASSET_TAGS
-- ============================================================
INSERT INTO asset_tags (asset_id, tag_id) VALUES ('3Nydci6oOW35VR1V1I1hH', 't1JoOPyphkA14mX3pD8Xa');

COMMIT;
PRAGMA foreign_keys = ON;
