-- MoneyMatters seed data
-- Generated: 2026-04-04
-- This script reseeds the database with corrected portfolio data.
-- Run: sqlite3 money-matters.db < seed.sql
--
-- NOTE: currentPrice / lastUpdated are NOT seeded — they are
--       populated automatically by the price-update scheduler.

PRAGMA foreign_keys = OFF;

BEGIN TRANSACTION;

-- Clear existing data (order matters for FK)
DELETE FROM realized_gains;
DELETE FROM benchmark_prices;
DELETE FROM price_history;
DELETE FROM portfolio_snapshots;
DELETE FROM transactions;
DELETE FROM asset_tags;
DELETE FROM holdings;
DELETE FROM assets;
DELETE FROM tags;
DELETE FROM benchmarks;

-- ============================================================
-- ASSETS (without volatile price data)
-- ============================================================
INSERT INTO assets (id, symbol, isin, name, asset_class, provider, current_price, currency, last_updated, created_at) VALUES ('Zate5ONus46COQ-xSt6QF', 'AAVAS.NS', NULL, 'AAVAS FINANCIERS LIMITED', 'stocks', 'yahoo_finance', NULL, 'INR', NULL, 1775259213);
INSERT INTO assets (id, symbol, isin, name, asset_class, provider, current_price, currency, last_updated, created_at) VALUES ('5NUZgplEFr72oJJHEjNZN', 'ACC.NS', NULL, 'ACC LIMITED', 'stocks', 'yahoo_finance', NULL, 'INR', NULL, 1775257973);
INSERT INTO assets (id, symbol, isin, name, asset_class, provider, current_price, currency, last_updated, created_at) VALUES ('wIVmrzlSvFCn4Q7ZYhAic', 'ADANIENT.NS', NULL, 'ADANI ENTERPRISES LIMITED', 'stocks', 'yahoo_finance', NULL, 'INR', NULL, 1775257946);
INSERT INTO assets (id, symbol, isin, name, asset_class, provider, current_price, currency, last_updated, created_at) VALUES ('Z4QbsfpJQltB0X-qmD3Y4', 'ADANIGREEN.NS', NULL, 'ADANI GREEN ENERGY LTD', 'stocks', 'yahoo_finance', NULL, 'INR', NULL, 1775257946);
INSERT INTO assets (id, symbol, isin, name, asset_class, provider, current_price, currency, last_updated, created_at) VALUES ('b00hyoNbCzOaXBJuZv3dX', 'ADANIPOWER.NS', NULL, 'ADANI POWER LTD', 'stocks', 'yahoo_finance', NULL, 'INR', NULL, 1775257957);
INSERT INTO assets (id, symbol, isin, name, asset_class, provider, current_price, currency, last_updated, created_at) VALUES ('BB6s1Cp3HlA2MdnyZQ1tz', 'ADITYA BIRLA SUN LIFE LOW DURATION FUND - DIRECT PLAN.NS', 'INF209K01XU7', 'ADITYA BIRLA SUN LIFE LOW DURATION FUND - DIRECT PLAN', 'mutual_fund_debt', 'manual', NULL, 'INR', NULL, 1775263685);
INSERT INTO assets (id, symbol, isin, name, asset_class, provider, current_price, currency, last_updated, created_at) VALUES ('nyVD0-hMmg9siY4Qan-2V', 'AMBUJACEM.NS', NULL, 'AMBUJA CEMENTS LTD', 'stocks', 'yahoo_finance', NULL, 'INR', NULL, 1775257944);
INSERT INTO assets (id, symbol, isin, name, asset_class, provider, current_price, currency, last_updated, created_at) VALUES ('cwZbtZPztS7kK91tMaSf6', 'APOLLOHOSP.NS', NULL, 'APOLLO HOSPITALS ENTER. L', 'stocks', 'yahoo_finance', NULL, 'INR', NULL, 1775257948);
INSERT INTO assets (id, symbol, isin, name, asset_class, provider, current_price, currency, last_updated, created_at) VALUES ('H9EOjvAZF0BrtrbXA9Rxs', 'ASIANPAINT.NS', NULL, 'ASIAN PAINTS LIMITED', 'stocks', 'yahoo_finance', NULL, 'INR', NULL, 1775257963);
INSERT INTO assets (id, symbol, isin, name, asset_class, provider, current_price, currency, last_updated, created_at) VALUES ('ACPv0ezEtg_UWs17enw57', 'DMART.NS', NULL, 'AVENUE SUPERMARTS LIMITED', 'stocks', 'yahoo_finance', NULL, 'INR', NULL, 1775257945);
INSERT INTO assets (id, symbol, isin, name, asset_class, provider, current_price, currency, last_updated, created_at) VALUES ('m4X85IcncCi5gBOu7cp6Z', 'INF846K01CX4', 'INF846K01CX4', 'AXIS LIQUID FUND - DIRECT PLAN', 'mutual_fund_debt', 'manual', NULL, 'INR', NULL, 1775263691);
INSERT INTO assets (id, symbol, isin, name, asset_class, provider, current_price, currency, last_updated, created_at) VALUES ('E59xLgMh3SNbaT5kgcgJ_', 'AXIS NIFTY SMALLCAP 50 INDEX FUND - DIRECT PLAN.NS', 'INF846K013H3', 'AXIS NIFTY SMALLCAP 50 INDEX FUND - DIRECT PLAN', 'mutual_fund_equity', 'manual', NULL, 'INR', NULL, 1775263684);
INSERT INTO assets (id, symbol, isin, name, asset_class, provider, current_price, currency, last_updated, created_at) VALUES ('XOpBki-C9mk_L9n9RL9hH', 'BAJFINANCE.NS', NULL, 'BAJAJ FINANCE LIMITED', 'stocks', 'yahoo_finance', NULL, 'INR', NULL, 1775257962);
INSERT INTO assets (id, symbol, isin, name, asset_class, provider, current_price, currency, last_updated, created_at) VALUES ('OJRorunxAOOhYMlF2PNOq', 'BALRAMCHIN.NS', NULL, 'BALRAMPUR CHINI MILLS LTD', 'stocks', 'yahoo_finance', NULL, 'INR', NULL, 1775257952);
INSERT INTO assets (id, symbol, isin, name, asset_class, provider, current_price, currency, last_updated, created_at) VALUES ('MuEstP5jFFTt78PLeosod', 'BANDHAN SMALL CAP FUND DIRECT PLAN-GROWTH.NS', 'INF194KB1AL4', 'BANDHAN SMALL CAP FUND DIRECT PLAN-GROWTH', 'mutual_fund_equity', 'manual', NULL, 'INR', NULL, 1775263691);
INSERT INTO assets (id, symbol, isin, name, asset_class, provider, current_price, currency, last_updated, created_at) VALUES ('RzRKhlA3ypjz4saHXL-Sr', 'BERGEPAINT.NS', NULL, 'BERGER PAINTS (I) LTD', 'stocks', 'yahoo_finance', NULL, 'INR', NULL, 1775259214);
INSERT INTO assets (id, symbol, isin, name, asset_class, provider, current_price, currency, last_updated, created_at) VALUES ('okLTfwEPhM5GttMnzq902', 'BHARTIARTL.NS', NULL, 'BHARTI AIRTEL LIMITED', 'stocks', 'yahoo_finance', NULL, 'INR', NULL, 1775257942);
INSERT INTO assets (id, symbol, isin, name, asset_class, provider, current_price, currency, last_updated, created_at) VALUES ('1wMESz1iqwdjJ_HuaEE6I', 'SILVER.NS', NULL, 'BIRLASLAMC - SILVER', 'silver', 'yahoo_finance', NULL, 'INR', NULL, 1775259216);
INSERT INTO assets (id, symbol, isin, name, asset_class, provider, current_price, currency, last_updated, created_at) VALUES ('W8ad-3wtJ5i_XQlzjqT8T', 'CIPLA.NS', NULL, 'CIPLA LTD', 'stocks', 'yahoo_finance', NULL, 'INR', NULL, 1775257947);
INSERT INTO assets (id, symbol, isin, name, asset_class, provider, current_price, currency, last_updated, created_at) VALUES ('ey0hjf-dKLL859ddVTIuh', 'DELTACORP.NS', NULL, 'DELTA CORP LIMITED', 'stocks', 'yahoo_finance', NULL, 'INR', NULL, 1775257959);
INSERT INTO assets (id, symbol, isin, name, asset_class, provider, current_price, currency, last_updated, created_at) VALUES ('O6O-axAo8fF68IUoQ5rT0', 'DIXON.NS', NULL, 'DIXON TECHNO (INDIA) LTD', 'stocks', 'yahoo_finance', NULL, 'INR', NULL, 1775259212);
INSERT INTO assets (id, symbol, isin, name, asset_class, provider, current_price, currency, last_updated, created_at) VALUES ('kFiP7FBPFC2RSlqGrUXWA', 'DLF.NS', NULL, 'DLF LIMITED', 'stocks', 'yahoo_finance', NULL, 'INR', NULL, 1775259211);
INSERT INTO assets (id, symbol, isin, name, asset_class, provider, current_price, currency, last_updated, created_at) VALUES ('4SztUQhKXyPH8GkBKQ0dw', 'LALPATHLAB.NS', NULL, 'DR. LAL PATH LABS LTD.', 'stocks', 'yahoo_finance', NULL, 'INR', NULL, 1775259210);
INSERT INTO assets (id, symbol, isin, name, asset_class, provider, current_price, currency, last_updated, created_at) VALUES ('jQb_C8z3X63CMD68lymje', 'EQUITASBNK.NS', NULL, 'EQUITAS SMALL FIN BNK LTD', 'stocks', 'yahoo_finance', NULL, 'INR', NULL, 1775257964);
INSERT INTO assets (id, symbol, isin, name, asset_class, provider, current_price, currency, last_updated, created_at) VALUES ('crIu-lVfUeGf7wmVIlpCB', 'FEDFINA.NS', NULL, 'FEDBANK FINANCIAL SER L', 'stocks', 'yahoo_finance', NULL, 'INR', NULL, 1775257965);
INSERT INTO assets (id, symbol, isin, name, asset_class, provider, current_price, currency, last_updated, created_at) VALUES ('vtN-UNZOZJRMIL1ggpv7r', 'GAIL.NS', NULL, 'GAIL (INDIA) LTD', 'stocks', 'yahoo_finance', NULL, 'INR', NULL, 1775257958);
INSERT INTO assets (id, symbol, isin, name, asset_class, provider, current_price, currency, last_updated, created_at) VALUES ('-tFK5F9Xifil2YeIOikZP', 'GICRE.NS', NULL, 'GENERAL INS CORP OF INDIA', 'stocks', 'yahoo_finance', NULL, 'INR', NULL, 1775257971);
INSERT INTO assets (id, symbol, isin, name, asset_class, provider, current_price, currency, last_updated, created_at) VALUES ('6L4CB1rps9KvY5MOPLhZ5', 'GRASIM.NS', NULL, 'GRASIM INDUSTRIES LTD', 'stocks', 'yahoo_finance', NULL, 'INR', NULL, 1775257944);
INSERT INTO assets (id, symbol, isin, name, asset_class, provider, current_price, currency, last_updated, created_at) VALUES ('rN1VUvEWFbzyWZh6JHCiq', 'HDFCBANK.NS', NULL, 'HDFC BANK LTD', 'stocks', 'yahoo_finance', NULL, 'INR', NULL, 1775257955);
INSERT INTO assets (id, symbol, isin, name, asset_class, provider, current_price, currency, last_updated, created_at) VALUES ('t6hnW9_5A-ab5Ho-OBYkH', 'HDFC FLEXICAP FUND - DIRECT PLAN - GROWTH OPTION.NS', 'INF179K01UT0', 'HDFC FLEXICAP FUND - DIRECT PLAN - GROWTH OPTION', 'mutual_fund_equity', 'manual', NULL, 'INR', NULL, 1775263690);
INSERT INTO assets (id, symbol, isin, name, asset_class, provider, current_price, currency, last_updated, created_at) VALUES ('X53kR4dwuiMV-uzznuuup', 'HDFC MID CAP FUND - DIRECT PLAN - GROWTH OPTION.NS', 'INF179K01XQ0', 'HDFC MID CAP FUND - DIRECT PLAN - GROWTH OPTION', 'mutual_fund_equity', 'manual', NULL, 'INR', NULL, 1775263692);
INSERT INTO assets (id, symbol, isin, name, asset_class, provider, current_price, currency, last_updated, created_at) VALUES ('bIbDvkSR8iZN9WoIYbUHu', 'HDFCSML250.NS', NULL, 'HDFCAMC - HDFCSML250', 'stocks', 'yahoo_finance', NULL, 'INR', NULL, 1775259215);
INSERT INTO assets (id, symbol, isin, name, asset_class, provider, current_price, currency, last_updated, created_at) VALUES ('CoZ25siAqNn5oqohX2ckn', 'HNDFDS.NS', NULL, 'HINDUSTAN FOODS LIMITED', 'stocks', 'yahoo_finance', NULL, 'INR', NULL, 1775259210);
INSERT INTO assets (id, symbol, isin, name, asset_class, provider, current_price, currency, last_updated, created_at) VALUES ('3Nydci6oOW35VR1V1I1hH', 'HINDUNILVR.NS', NULL, 'HINDUSTAN UNILEVER LTD.', 'stocks', 'yahoo_finance', NULL, 'INR', NULL, 1775257961);
INSERT INTO assets (id, symbol, isin, name, asset_class, provider, current_price, currency, last_updated, created_at) VALUES ('fHeS5LhYC6K-8LRPPyMS2', 'ICICIBANK.NS', NULL, 'ICICI BANK LTD.', 'stocks', 'yahoo_finance', NULL, 'INR', NULL, 1775257953);
INSERT INTO assets (id, symbol, isin, name, asset_class, provider, current_price, currency, last_updated, created_at) VALUES ('8Rq-TMsY1cN5dlnJ0y8Dj', 'NIFTYIETF.NS', NULL, 'ICICI PRUD NIFTY ETF', 'etf', 'yahoo_finance', NULL, 'INR', NULL, 1775257964);
INSERT INTO assets (id, symbol, isin, name, asset_class, provider, current_price, currency, last_updated, created_at) VALUES ('psMB0wyj4VTmcKG-WXAFL', 'ICICI PRUDENTIAL AGGRESSIVE HYBRID ACTIVE FOF - DIRECT PLAN.NS', 'INF109K01X40', 'ICICI PRUDENTIAL AGGRESSIVE HYBRID ACTIVE FOF - DIRECT PLAN', 'mutual_fund_equity', 'manual', NULL, 'INR', NULL, 1775263695);
INSERT INTO assets (id, symbol, isin, name, asset_class, provider, current_price, currency, last_updated, created_at) VALUES ('cVliMw1zKGjSGjmkPxMUL', 'GOLDIETF.NS', NULL, 'ICICI PRUDENTIAL GOLD ETF', 'gold', 'yahoo_finance', NULL, 'INR', NULL, 1775259216);
INSERT INTO assets (id, symbol, isin, name, asset_class, provider, current_price, currency, last_updated, created_at) VALUES ('p9s5WoWAKRSQURWc7-s6Z', 'ICICI PRUDENTIAL PASSIVE MULTI-ASSET FOF DIRECT PLAN GROWTH.NS', 'INF109KC1Y15', 'ICICI PRUDENTIAL PASSIVE MULTI-ASSET FOF DIRECT PLAN GROWTH', 'mutual_fund_equity', 'manual', NULL, 'INR', NULL, 1775263693);
INSERT INTO assets (id, symbol, isin, name, asset_class, provider, current_price, currency, last_updated, created_at) VALUES ('cy8-oD5I-rQXnwbFk2Ab8', 'ICICI PRUDENTIAL SHORT TERM FUND - DIRECT PLAN.NS', 'INF109K013N3', 'ICICI PRUDENTIAL SHORT TERM FUND - DIRECT PLAN', 'mutual_fund_debt', 'manual', NULL, 'INR', NULL, 1775263686);
INSERT INTO assets (id, symbol, isin, name, asset_class, provider, current_price, currency, last_updated, created_at) VALUES ('1OwpSzFKUDUsB2tyf_uF2', 'AUTOIETF.NS', NULL, 'ICICIPRAMC - ICICIAUTO', 'etf', 'yahoo_finance', NULL, 'INR', NULL, 1775257968);
INSERT INTO assets (id, symbol, isin, name, asset_class, provider, current_price, currency, last_updated, created_at) VALUES ('AXvjlTxe-IgAgUlmjA0gh', 'FMCGIETF.NS', NULL, 'ICICIPRAMC - ICICIFMCG', 'etf', 'yahoo_finance', NULL, 'INR', NULL, 1775257970);
INSERT INTO assets (id, symbol, isin, name, asset_class, provider, current_price, currency, last_updated, created_at) VALUES ('0cHaE_G1F40_aA72nA2on', 'HEALTHIETF.NS', NULL, 'ICICIPRAMC - ICICIPHARM', 'etf', 'yahoo_finance', NULL, 'INR', NULL, 1775257950);
INSERT INTO assets (id, symbol, isin, name, asset_class, provider, current_price, currency, last_updated, created_at) VALUES ('7EvP9hlZHIEnV0YVpaU1n', 'SILVERIETF.NS', NULL, 'ICICIPRAMC - ICICISILVE', 'silver', 'yahoo_finance', NULL, 'INR', NULL, 1775257967);
INSERT INTO assets (id, symbol, isin, name, asset_class, provider, current_price, currency, last_updated, created_at) VALUES ('Ipin4_DxL__SMszU6eEia', 'IDFCFIRSTB.NS', NULL, 'IDFC FIRST BANK LIMITED', 'stocks', 'yahoo_finance', NULL, 'INR', NULL, 1775257965);
INSERT INTO assets (id, symbol, isin, name, asset_class, provider, current_price, currency, last_updated, created_at) VALUES ('1gIICAtb2EtUoc2mF0YHt', 'IEX.NS', NULL, 'INDIAN ENERGY EXC LTD', 'stocks', 'yahoo_finance', NULL, 'INR', NULL, 1775257956);
INSERT INTO assets (id, symbol, isin, name, asset_class, provider, current_price, currency, last_updated, created_at) VALUES ('hSIN-8HIM5Tj7R3ec9l3s', 'INFY.NS', NULL, 'INFOSYS LIMITED', 'stocks', 'yahoo_finance', NULL, 'INR', NULL, 1775257943);
INSERT INTO assets (id, symbol, isin, name, asset_class, provider, current_price, currency, last_updated, created_at) VALUES ('ld5qdoegXISLSwhBZT___', 'ITC.NS', NULL, 'ITC LTD', 'stocks', 'yahoo_finance', NULL, 'INR', NULL, 1775259209);
INSERT INTO assets (id, symbol, isin, name, asset_class, provider, current_price, currency, last_updated, created_at) VALUES ('lPLkAophMES_oB52DhD4C', 'JIOFIN.NS', NULL, 'JIO FIN SERVICES LTD', 'stocks', 'yahoo_finance', NULL, 'INR', NULL, 1775257966);
INSERT INTO assets (id, symbol, isin, name, asset_class, provider, current_price, currency, last_updated, created_at) VALUES ('WJMBa76QQCiQk2cG7WXQm', 'KALYANKJIL.NS', NULL, 'KALYAN JEWELLERS IND LTD', 'stocks', 'yahoo_finance', NULL, 'INR', NULL, 1775259211);
INSERT INTO assets (id, symbol, isin, name, asset_class, provider, current_price, currency, last_updated, created_at) VALUES ('2zhERUylgIABWnrE0MO8l', 'KOTAKBANK.NS', NULL, 'KOTAK MAHINDRA BANK LTD', 'stocks', 'yahoo_finance', NULL, 'INR', NULL, 1775257960);
INSERT INTO assets (id, symbol, isin, name, asset_class, provider, current_price, currency, last_updated, created_at) VALUES ('Y_vOeXtOv9ZbzRSmj-khn', 'IT.NS', NULL, 'KOTAKMAMC - KOTAKIT', 'stocks', 'yahoo_finance', NULL, 'INR', NULL, 1775259214);
INSERT INTO assets (id, symbol, isin, name, asset_class, provider, current_price, currency, last_updated, created_at) VALUES ('m7otwxA35owAEaJvalbZ2', 'KWIL.NS', NULL, 'KWALITY WALLS (INDIA) LTD', 'stocks', 'yahoo_finance', NULL, 'INR', NULL, 1775263077);
INSERT INTO assets (id, symbol, isin, name, asset_class, provider, current_price, currency, last_updated, created_at) VALUES ('QahyXtytRVpAQDExa5akA', 'LT.NS', NULL, 'LARSEN & TOUBRO LTD.', 'stocks', 'yahoo_finance', NULL, 'INR', NULL, 1775257958);
INSERT INTO assets (id, symbol, isin, name, asset_class, provider, current_price, currency, last_updated, created_at) VALUES ('_Jt2pDh51o61ipkExjllh', 'MEDIASSIST.NS', NULL, 'MEDI ASSIST HEALTH SER L', 'stocks', 'yahoo_finance', NULL, 'INR', NULL, 1775257973);
INSERT INTO assets (id, symbol, isin, name, asset_class, provider, current_price, currency, last_updated, created_at) VALUES ('GH3u7itu2Vxk5ZkpiCwnl', 'MIRAE ASSET TAX SAVER FUND - DIRECT PLAN.NS', 'INF769K01DM9', 'MIRAE ASSET ELSS TAX SAVER FUND - DIRECT PLAN', 'mutual_fund_equity', 'manual', NULL, 'INR', NULL, 1775263683);
INSERT INTO assets (id, symbol, isin, name, asset_class, provider, current_price, currency, last_updated, created_at) VALUES ('wT3vhMY-I7sFT_qFFPy9H', 'NEXT50.NS', NULL, 'MIRAEAMC - MANXT50', 'etf', 'yahoo_finance', NULL, 'INR', NULL, 1775259209);
INSERT INTO assets (id, symbol, isin, name, asset_class, provider, current_price, currency, last_updated, created_at) VALUES ('Ae3Ka5MCS4znFBBv4dQ-p', 'MOMOMENTUM.NS', NULL, 'MOTILALAMC - MOMOMENTUM', 'etf', 'yahoo_finance', NULL, 'INR', NULL, 1775257967);
INSERT INTO assets (id, symbol, isin, name, asset_class, provider, current_price, currency, last_updated, created_at) VALUES ('2GwoYAOHj2DtFdIDyWyEt', 'MOREALTY.NS', NULL, 'MOTILALAMC - MOREALTY', 'etf', 'yahoo_finance', NULL, 'INR', NULL, 1775257971);
INSERT INTO assets (id, symbol, isin, name, asset_class, provider, current_price, currency, last_updated, created_at) VALUES ('Tjz8MSMpwW1DXznEC5u6Z', 'GOLDBEES.NS', NULL, 'NIP IND ETF GOLD BEES', 'gold', 'yahoo_finance', NULL, 'INR', NULL, 1775259217);
INSERT INTO assets (id, symbol, isin, name, asset_class, provider, current_price, currency, last_updated, created_at) VALUES ('MZqq0-1bkvGgXzgkVuyw4', 'JUNIORBEES.NS', NULL, 'NIP IND ETF JUNIOR BEES', 'etf', 'yahoo_finance', NULL, 'INR', NULL, 1775257949);
INSERT INTO assets (id, symbol, isin, name, asset_class, provider, current_price, currency, last_updated, created_at) VALUES ('UjIDPPP2aKXlkmdJHkCXv', 'NIPPON INDIA NIFTY 50 VALUE 20 INDEX FUND - DIRECT PLAN.NS', 'INF204KB12Z0', 'NIPPON INDIA NIFTY 50 VALUE 20 INDEX FUND - DIRECT PLAN', 'mutual_fund_equity', 'manual', NULL, 'INR', NULL, 1775263690);
INSERT INTO assets (id, symbol, isin, name, asset_class, provider, current_price, currency, last_updated, created_at) VALUES ('PZeqYUIvZvO62YZPbvRe9', 'NIPPON INDIA ULTRA SHORT DURATION FUND - DIRECT PLAN.NS', 'INF204K01YH3', 'NIPPON INDIA ULTRA SHORT DURATION FUND - DIRECT PLAN', 'mutual_fund_debt', 'manual', NULL, 'INR', NULL, 1775263685);
INSERT INTO assets (id, symbol, isin, name, asset_class, provider, current_price, currency, last_updated, created_at) VALUES ('fm-iWa30iqVhsLqpymR5I', 'SILVERBEES.NS', NULL, 'NIPPONAMC - NETFSILVER', 'silver', 'yahoo_finance', NULL, 'INR', NULL, 1775257968);
INSERT INTO assets (id, symbol, isin, name, asset_class, provider, current_price, currency, last_updated, created_at) VALUES ('eENzoRs09eRI8t1Be6kVk', 'NMDC.NS', NULL, 'NMDC LTD.', 'stocks', 'yahoo_finance', NULL, 'INR', NULL, 1775257956);
INSERT INTO assets (id, symbol, isin, name, asset_class, provider, current_price, currency, last_updated, created_at) VALUES ('F8M30imWOPGd7HxFguJNR', 'NSLNISP.NS', NULL, 'NMDC STEEL LIMITED', 'stocks', 'yahoo_finance', NULL, 'INR', NULL, 1775257959);
INSERT INTO assets (id, symbol, isin, name, asset_class, provider, current_price, currency, last_updated, created_at) VALUES ('Se2kDpdFWzqdJ3H-phwoR', 'ONGC.NS', NULL, 'OIL AND NATURAL GAS CORP.', 'stocks', 'yahoo_finance', NULL, 'INR', NULL, 1775257952);
INSERT INTO assets (id, symbol, isin, name, asset_class, provider, current_price, currency, last_updated, created_at) VALUES ('uRxzQepiwuHzZ_rnAqy0_', 'PARAG PARIKH FLEXI CAP FUND - DIRECT PLAN GROWTH.NS', 'INF879O01027', 'PARAG PARIKH FLEXI CAP FUND - DIRECT PLAN GROWTH', 'mutual_fund_equity', 'manual', NULL, 'INR', NULL, 1775263694);
INSERT INTO assets (id, symbol, isin, name, asset_class, provider, current_price, currency, last_updated, created_at) VALUES ('SCPI1U90p1TgWpruAS4fv', 'PNB.NS', NULL, 'PUNJAB NATIONAL BANK', 'stocks', 'yahoo_finance', NULL, 'INR', NULL, 1775257970);
INSERT INTO assets (id, symbol, isin, name, asset_class, provider, current_price, currency, last_updated, created_at) VALUES ('_vmYTL-30UemMHZPWsuBS', 'QUANT ELSS TAX SAVER FUND - DIRECT PLAN.NS', 'INF966L01986', 'QUANT ELSS TAX SAVER FUND - DIRECT PLAN', 'mutual_fund_equity', 'manual', NULL, 'INR', NULL, 1775263687);
INSERT INTO assets (id, symbol, isin, name, asset_class, provider, current_price, currency, last_updated, created_at) VALUES ('iV_8sR4mH7Ofk_PyeI9l4', 'QUANT MID CAP FUND - DIRECT PLAN.NS', 'INF966L01887', 'QUANT MID CAP FUND - DIRECT PLAN', 'mutual_fund_equity', 'manual', NULL, 'INR', NULL, 1775263688);
INSERT INTO assets (id, symbol, isin, name, asset_class, provider, current_price, currency, last_updated, created_at) VALUES ('oEWONGCYwHosZF3srq_zW', 'QUANT SMALL CAP FUND - DIRECT PLAN.NS', 'INF966L01689', 'QUANT SMALL CAP FUND - DIRECT PLAN', 'mutual_fund_equity', 'manual', NULL, 'INR', NULL, 1775263688);
INSERT INTO assets (id, symbol, isin, name, asset_class, provider, current_price, currency, last_updated, created_at) VALUES ('S5K9E2C8CrahmfwluwcyL', 'RELIANCE.NS', NULL, 'RELIANCE INDUSTRIES LTD', 'stocks', 'yahoo_finance', NULL, 'INR', NULL, 1775257954);
INSERT INTO assets (id, symbol, isin, name, asset_class, provider, current_price, currency, last_updated, created_at) VALUES ('EhWNjA1gjpmq4u8iWaBR9', 'SBICARD.NS', NULL, 'SBI CARDS & PAY SER LTD', 'stocks', 'yahoo_finance', NULL, 'INR', NULL, 1775257961);
INSERT INTO assets (id, symbol, isin, name, asset_class, provider, current_price, currency, last_updated, created_at) VALUES ('wYY49PTJMk94vV20R-1Dh', 'SWIGGY.NS', NULL, 'SWIGGY LIMITED', 'stocks', 'yahoo_finance', NULL, 'INR', NULL, 1775259212);
INSERT INTO assets (id, symbol, isin, name, asset_class, provider, current_price, currency, last_updated, created_at) VALUES ('d5FPX6WCzjTmydIqkQOoU', 'TCS.NS', NULL, 'TATA CONSULTANCY SERV LT', 'stocks', 'yahoo_finance', NULL, 'INR', NULL, 1775257943);
INSERT INTO assets (id, symbol, isin, name, asset_class, provider, current_price, currency, last_updated, created_at) VALUES ('pqVgopBe9kb3bip22dEcG', 'TATAPOWER.NS', NULL, 'TATA POWER CO LTD', 'stocks', 'yahoo_finance', NULL, 'INR', NULL, 1775257949);
INSERT INTO assets (id, symbol, isin, name, asset_class, provider, current_price, currency, last_updated, created_at) VALUES ('estuXUjBPl79eyL1ap6Yc', 'TATASTEEL.NS', NULL, 'TATA STEEL LIMITED', 'stocks', 'yahoo_finance', NULL, 'INR', NULL, 1775257955);
INSERT INTO assets (id, symbol, isin, name, asset_class, provider, current_price, currency, last_updated, created_at) VALUES ('AEh6gDOIsdEG-jCaAJCbN', 'TATAMOTORS.NS', NULL, 'TATAMOTORS', 'stocks', 'yahoo_finance', NULL, 'INR', NULL, 1775257947);
INSERT INTO assets (id, symbol, isin, name, asset_class, provider, current_price, currency, last_updated, created_at) VALUES ('LNsQ6zPpxh9_vnDK03MWW', 'TRENT.NS', NULL, 'TRENT LTD', 'stocks', 'yahoo_finance', NULL, 'INR', NULL, 1775257969);
INSERT INTO assets (id, symbol, isin, name, asset_class, provider, current_price, currency, last_updated, created_at) VALUES ('RAyfN-DhbaotmZvtcn2IO', 'WHIRLPOOL.NS', NULL, 'WHIRLPOOL OF INDIA LTD', 'stocks', 'yahoo_finance', NULL, 'INR', NULL, 1775257972);
INSERT INTO assets (id, symbol, isin, name, asset_class, provider, current_price, currency, last_updated, created_at) VALUES ('XVTaZG8yq1Nub2h2dlymf', 'WIPRO.NS', NULL, 'WIPRO LTD', 'stocks', 'yahoo_finance', NULL, 'INR', NULL, 1775257953);
INSERT INTO assets (id, symbol, isin, name, asset_class, provider, current_price, currency, last_updated, created_at) VALUES ('x_DGaOvzPWWXtjcItSGx_', 'YESBANK.NS', NULL, 'YES BANK LIMITED', 'stocks', 'yahoo_finance', NULL, 'INR', NULL, 1775257962);

-- International stocks & ETFs (USD, IndMoney)
INSERT INTO assets (id, symbol, isin, name, asset_class, provider, current_price, currency, last_updated, created_at) VALUES ('SngkxuZPi2LohlUSTVB_3', 'META', NULL, 'Meta Platforms Inc', 'stocks', 'yahoo_finance', NULL, 'USD', NULL, 1775271648);
INSERT INTO assets (id, symbol, isin, name, asset_class, provider, current_price, currency, last_updated, created_at) VALUES ('5Iat4GeuX1SznKVxq5VYU', 'AMZN', NULL, 'Amazon.com Inc.', 'stocks', 'yahoo_finance', NULL, 'USD', NULL, 1775271648);
INSERT INTO assets (id, symbol, isin, name, asset_class, provider, current_price, currency, last_updated, created_at) VALUES ('wUieQ2F4M6X_jyDvxN2QJ', 'CRM', NULL, 'Salesforce Inc', 'stocks', 'yahoo_finance', NULL, 'USD', NULL, 1775271648);
INSERT INTO assets (id, symbol, isin, name, asset_class, provider, current_price, currency, last_updated, created_at) VALUES ('npJIhVJX05zpLcxiwpo_o', 'GOOG', NULL, 'Alphabet Inc. - Class C', 'stocks', 'yahoo_finance', NULL, 'USD', NULL, 1775271648);
INSERT INTO assets (id, symbol, isin, name, asset_class, provider, current_price, currency, last_updated, created_at) VALUES ('of0rYhw30y49CdSli-lhb', 'ADBE', NULL, 'Adobe Inc.', 'stocks', 'yahoo_finance', NULL, 'USD', NULL, 1775271648);
INSERT INTO assets (id, symbol, isin, name, asset_class, provider, current_price, currency, last_updated, created_at) VALUES ('kGRkMIO6FH5L5o8f9T8DH', 'TSLA', NULL, 'Tesla Inc.', 'stocks', 'yahoo_finance', NULL, 'USD', NULL, 1775271648);
INSERT INTO assets (id, symbol, isin, name, asset_class, provider, current_price, currency, last_updated, created_at) VALUES ('x8nGfpIAUvqO7TLhtBxnD', 'NFLX', NULL, 'Netflix Inc.', 'stocks', 'yahoo_finance', NULL, 'USD', NULL, 1775271648);
INSERT INTO assets (id, symbol, isin, name, asset_class, provider, current_price, currency, last_updated, created_at) VALUES ('13_bCyUdR1A9cGy4xMOWa', 'UBER', NULL, 'Uber Technologies Inc.', 'stocks', 'yahoo_finance', NULL, 'USD', NULL, 1775271648);
INSERT INTO assets (id, symbol, isin, name, asset_class, provider, current_price, currency, last_updated, created_at) VALUES ('tcQue2BfVzmazjMuovA5U', 'VOO', NULL, 'Vanguard S&P 500 ETF', 'etf', 'yahoo_finance', NULL, 'USD', NULL, 1775271648);
INSERT INTO assets (id, symbol, isin, name, asset_class, provider, current_price, currency, last_updated, created_at) VALUES ('RMCIVF2b_pZ6QQeL0rIzC', 'MSFT', NULL, 'Microsoft Corporation', 'stocks', 'yahoo_finance', NULL, 'USD', NULL, 1775271648);
INSERT INTO assets (id, symbol, isin, name, asset_class, provider, current_price, currency, last_updated, created_at) VALUES ('PK6eWXmCySHUwQ0cdoKvJ', 'PG', NULL, 'Procter & Gamble Co.', 'stocks', 'yahoo_finance', NULL, 'USD', NULL, 1775271648);
INSERT INTO assets (id, symbol, isin, name, asset_class, provider, current_price, currency, last_updated, created_at) VALUES ('cmmMUqjeBI6Vn86bpddPy', 'QQQ', NULL, 'Invesco QQQ Trust', 'etf', 'yahoo_finance', NULL, 'USD', NULL, 1775271648);
INSERT INTO assets (id, symbol, isin, name, asset_class, provider, current_price, currency, last_updated, created_at) VALUES ('ZVr1pROvP1urACc8yFozz', 'AAPL', NULL, 'Apple Inc.', 'stocks', 'yahoo_finance', NULL, 'USD', NULL, 1775271648);
INSERT INTO assets (id, symbol, isin, name, asset_class, provider, current_price, currency, last_updated, created_at) VALUES ('ET1_8rzsGZBLlJeKG3ka7', 'CQQQ', NULL, 'Invesco China Technology ETF', 'etf', 'yahoo_finance', NULL, 'USD', NULL, 1775271648);
INSERT INTO assets (id, symbol, isin, name, asset_class, provider, current_price, currency, last_updated, created_at) VALUES ('QrX0XEypchz7FQOQXmSK4', 'MCHI', NULL, 'iShares MSCI China ETF', 'etf', 'yahoo_finance', NULL, 'USD', NULL, 1775271648);
INSERT INTO assets (id, symbol, isin, name, asset_class, provider, current_price, currency, last_updated, created_at) VALUES ('Z_s8ouROQ54vSE1-zWSoT', 'KO', NULL, 'Coca-Cola Co.', 'stocks', 'yahoo_finance', NULL, 'USD', NULL, 1775271648);
INSERT INTO assets (id, symbol, isin, name, asset_class, provider, current_price, currency, last_updated, created_at) VALUES ('JHW7XL6Xj8KHPaBuupBZN', 'BAC', NULL, 'Bank of America Corp.', 'stocks', 'yahoo_finance', NULL, 'USD', NULL, 1775271648);
INSERT INTO assets (id, symbol, isin, name, asset_class, provider, current_price, currency, last_updated, created_at) VALUES ('3KW1ljrXixnOUoTWFEKGz', 'DIS', NULL, 'Walt Disney Co.', 'stocks', 'yahoo_finance', NULL, 'USD', NULL, 1775271648);
INSERT INTO assets (id, symbol, isin, name, asset_class, provider, current_price, currency, last_updated, created_at) VALUES ('SFSz6BLvFzen_LDOIA1sN', 'TM', NULL, 'Toyota Motor Corp.', 'stocks', 'yahoo_finance', NULL, 'USD', NULL, 1775271648);
INSERT INTO assets (id, symbol, isin, name, asset_class, provider, current_price, currency, last_updated, created_at) VALUES ('X35PDG2bimxH5i4n7NWd6', 'EA', NULL, 'Electronic Arts Inc.', 'stocks', 'yahoo_finance', NULL, 'USD', NULL, 1775271648);
INSERT INTO assets (id, symbol, isin, name, asset_class, provider, current_price, currency, last_updated, created_at) VALUES ('cUrzkE5thE1a2pe57ztYx', 'BRK-B', NULL, 'Berkshire Hathaway Inc. B', 'stocks', 'yahoo_finance', NULL, 'USD', NULL, 1775271648);
INSERT INTO assets (id, symbol, isin, name, asset_class, provider, current_price, currency, last_updated, created_at) VALUES ('7NqrB4h0r8HJPmrm7rBSE', 'PLTR', NULL, 'Palantir Technologies Inc.', 'stocks', 'yahoo_finance', NULL, 'USD', NULL, 1775271648);
INSERT INTO assets (id, symbol, isin, name, asset_class, provider, current_price, currency, last_updated, created_at) VALUES ('RQu3Wjta08_if9sSraXeT', 'JD', NULL, 'JD.com Inc.', 'stocks', 'yahoo_finance', NULL, 'USD', NULL, 1775271648);
INSERT INTO assets (id, symbol, isin, name, asset_class, provider, current_price, currency, last_updated, created_at) VALUES ('y7gb5p7n5InOT_ZHN5wLf', 'NKE', NULL, 'Nike Inc.', 'stocks', 'yahoo_finance', NULL, 'USD', NULL, 1775271648);
INSERT INTO assets (id, symbol, isin, name, asset_class, provider, current_price, currency, last_updated, created_at) VALUES ('7Gnx-aTITzQ84cN_AONAB', 'BIDU', NULL, 'Baidu Inc.', 'stocks', 'yahoo_finance', NULL, 'USD', NULL, 1775271648);

-- ============================================================
-- TRANSACTIONS
-- ============================================================
INSERT INTO transactions VALUES('x_SiWfKHk1vvOax9AqaFZ','hSIN-8HIM5Tj7R3ec9l3s','buy',1.0,1707.5,0.0,'2022-01-28','NSE',1775257943);
INSERT INTO transactions VALUES('58SGlvaIyQNdZ99CqkCu5','okLTfwEPhM5GttMnzq902','buy',3.0,723.0,0.0,'2022-01-28','NSE',1775257942);
INSERT INTO transactions VALUES('sJ8loRWYgRskuJsuXlJrx','d5FPX6WCzjTmydIqkQOoU','buy',1.0,3748.0,0.0,'2022-01-31','NSE',1775257943);
INSERT INTO transactions VALUES('vxEJRO7WCnEEjDyOy8qoa','6L4CB1rps9KvY5MOPLhZ5','buy',1.0,1735.0,0.0,'2022-02-01','NSE',1775257944);
INSERT INTO transactions VALUES('yGeC2cWxJB9pWz6ZObN7o','ACPv0ezEtg_UWs17enw57','buy',1.0,4235.0,0.0,'2022-02-02','NSE',1775257945);
INSERT INTO transactions VALUES('DQFbMYGadZ9Qdtt5rJEeg','nyVD0-hMmg9siY4Qan-2V','buy',5.0,384.0,0.0,'2022-02-02','NSE',1775257944);
INSERT INTO transactions VALUES('6OmMZRaXoULIJAXn1k66_','wIVmrzlSvFCn4Q7ZYhAic','buy',1.0,1752.90002400000003,0.0,'2022-02-02','NSE',1775257946);
INSERT INTO transactions VALUES('pWcbTo68btBhdiOJu1StP','d5FPX6WCzjTmydIqkQOoU','buy',1.0,3613.0,0.0,'2022-02-22','NSE',1775257943);
INSERT INTO transactions VALUES('OS9HofkQP5bo13Aos6jF4','AEh6gDOIsdEG-jCaAJCbN','buy',2.0,450.0,0.0,'2022-02-24','NSE',1775257947);
INSERT INTO transactions VALUES('x68biPWX7-Er0W0H-gPMT','Z4QbsfpJQltB0X-qmD3Y4','buy',1.0,1885.0,0.0,'2022-02-24','NSE',1775257946);
INSERT INTO transactions VALUES('qAKqb3ZwM5ucB20gGjFtQ','d5FPX6WCzjTmydIqkQOoU','buy',1.0,3470.0,0.0,'2022-02-24','NSE',1775257943);
INSERT INTO transactions VALUES('pMceBshAgJ_d09m7eT-C0','hSIN-8HIM5Tj7R3ec9l3s','buy',1.0,1695.0,0.0,'2022-02-24','NSE',1775257943);
INSERT INTO transactions VALUES('0zsoaNRwoTfpxlxedX3Qi','ACPv0ezEtg_UWs17enw57','sell',1.0,4311.399902000000111,0.0,'2022-03-02','NSE',1775257945);
INSERT INTO transactions VALUES('Wn0lGKUE1a-dOkBUZOpeq','W8ad-3wtJ5i_XQlzjqT8T','buy',2.0,933.0,0.0,'2022-03-03','NSE',1775257947);
INSERT INTO transactions VALUES('7_5hb6htVzl8hMyRL2U6T','cwZbtZPztS7kK91tMaSf6','buy',1.0,4911.0,0.0,'2022-03-03','NSE',1775257948);
INSERT INTO transactions VALUES('xp94BXhiqAAbwq6jfxEjb','pqVgopBe9kb3bip22dEcG','buy',10.0,226.0,0.0,'2022-03-03','NSE',1775257949);
INSERT INTO transactions VALUES('hnaLTsWcmzNgWltQxZQEu','Z4QbsfpJQltB0X-qmD3Y4','sell',1.0,1920.0,0.0,'2022-03-04','NSE',1775257946);
INSERT INTO transactions VALUES('PLDtGreCDYjUvs5SC0yMg','hSIN-8HIM5Tj7R3ec9l3s','sell',2.0,1776.0,0.0,'2022-03-08','NSE',1775257943);
INSERT INTO transactions VALUES('3BaQn81RN0B1VZfRlMW_i','0cHaE_G1F40_aA72nA2on','buy',21.0,82.0,0.0,'2022-03-09','NSE',1775257950);
INSERT INTO transactions VALUES('WIM4mGBD_o1ulEINLaD8s','0cHaE_G1F40_aA72nA2on','buy',1.0,82.0,0.0,'2022-03-09','NSE',1775257950);
INSERT INTO transactions VALUES('dM7m3pHwgVGqM3rPiHQri','0cHaE_G1F40_aA72nA2on','buy',2.0,82.0,0.0,'2022-03-09','NSE',1775257950);
INSERT INTO transactions VALUES('TKko0Wc4ECouQn87GWRxE','AXvjlTxe-IgAgUlmjA0gh','buy',60.0,34.79999999999999715,0.0,'2022-03-09','NSE',1775257950);
INSERT INTO transactions VALUES('UZW16x1OoNRc1Yk_1tszI','MZqq0-1bkvGgXzgkVuyw4','buy',5.0,412.5,0.0,'2022-03-09','NSE',1775257949);
INSERT INTO transactions VALUES('NxTdNN14CT3ECQDi8UhIx','MZqq0-1bkvGgXzgkVuyw4','buy',1.0,412.5,0.0,'2022-03-09','NSE',1775257949);
INSERT INTO transactions VALUES('sFAqAjVSnNywgew2IRNRN','8Rq-TMsY1cN5dlnJ0y8Dj','buy',12.0,180.0,0.0,'2022-03-10','NSE',1775257951);
INSERT INTO transactions VALUES('nXFdK3yTb4Me4EK_Bs286','OJRorunxAOOhYMlF2PNOq','buy',4.0,500.0,0.0,'2022-03-14','NSE',1775257952);
INSERT INTO transactions VALUES('Nq_6smYoUqVG1rAbGptPG','W8ad-3wtJ5i_XQlzjqT8T','sell',2.0,1035.0,0.0,'2022-03-22','NSE',1775257947);
INSERT INTO transactions VALUES('OlhPk08wFedFx8HK5M0tx','Se2kDpdFWzqdJ3H-phwoR','buy',12.0,176.0,0.0,'2022-03-23','NSE',1775257952);
INSERT INTO transactions VALUES('lJJLjINS8BZH27KuyIHil','8Rq-TMsY1cN5dlnJ0y8Dj','buy',24.0,185.0,0.0,'2022-03-25','NSE',1775257951);
INSERT INTO transactions VALUES('Ih4ftYUOWZhu6ZeLG3VI_','Se2kDpdFWzqdJ3H-phwoR','sell',12.0,172.5,0.0,'2022-03-29','BSE',1775257952);
INSERT INTO transactions VALUES('U_7tQkdkkNZmc72v67JMA','ACPv0ezEtg_UWs17enw57','buy',2.0,4001.0,0.0,'2022-03-31','NSE',1775257945);
INSERT INTO transactions VALUES('JMVhEh-VukI8dMX9HFOwC','fHeS5LhYC6K-8LRPPyMS2','buy',12.0,746.0,0.0,'2022-04-05','NSE',1775257953);
INSERT INTO transactions VALUES('Y_qhNzXfXspvjf29uqCym','pqVgopBe9kb3bip22dEcG','sell',10.0,280.0,0.0,'2022-04-07','BSE',1775257949);
INSERT INTO transactions VALUES('fMUJkpUykOQ5rnaK0zIkP','hSIN-8HIM5Tj7R3ec9l3s','buy',3.0,1620.0,0.0,'2022-04-18','NSE',1775257943);
INSERT INTO transactions VALUES('5iPgsNpJr-6tqRNKtHjeC','8Rq-TMsY1cN5dlnJ0y8Dj','buy',6.0,183.0,0.0,'2022-04-19','NSE',1775257951);
INSERT INTO transactions VALUES('q86nacTWp_aiQqDaheGZk','hSIN-8HIM5Tj7R3ec9l3s','buy',3.0,1590.0,0.0,'2022-04-19','BSE',1775257943);
INSERT INTO transactions VALUES('7IiOuWAL4aHypim0TmKxh','hSIN-8HIM5Tj7R3ec9l3s','buy',3.0,1552.0,0.0,'2022-04-27','NSE',1775257943);
INSERT INTO transactions VALUES('uMHo5OFV2ccv0d6zLmNtv','0cHaE_G1F40_aA72nA2on','buy',30.0,80.0,0.0,'2022-05-06','NSE',1775257950);
INSERT INTO transactions VALUES('DnvVf5OUSCfavedZjTB_v','8Rq-TMsY1cN5dlnJ0y8Dj','buy',6.0,177.9100039999999864,0.0,'2022-05-06','NSE',1775257951);
INSERT INTO transactions VALUES('cjUsO7_yv_kaRkYSikvAy','8Rq-TMsY1cN5dlnJ0y8Dj','buy',6.0,177.0,0.0,'2022-05-06','NSE',1775257951);
INSERT INTO transactions VALUES('XGcqppYALUK0d_Rio1aSR','MZqq0-1bkvGgXzgkVuyw4','buy',6.0,415.0,0.0,'2022-05-10','NSE',1775257949);
INSERT INTO transactions VALUES('4Zx7GMrpw86dKUC9HDKQ5','S5K9E2C8CrahmfwluwcyL','buy',3.0,2460.0,0.0,'2022-05-10','NSE',1775257954);
INSERT INTO transactions VALUES('Q5xinLIh6-e0vIotAJd0G','8Rq-TMsY1cN5dlnJ0y8Dj','buy',12.0,176.0,0.0,'2022-05-18','NSE',1775257951);
INSERT INTO transactions VALUES('E9Z1Uaz6oYZ7G8H29MqXN','MZqq0-1bkvGgXzgkVuyw4','buy',3.0,414.0,0.0,'2022-05-18','NSE',1775257949);
INSERT INTO transactions VALUES('M19L6JaYvHR-j1cdv5TPc','MZqq0-1bkvGgXzgkVuyw4','buy',2.0,414.0,0.0,'2022-05-18','NSE',1775257949);
INSERT INTO transactions VALUES('aALuOCRkY-P2zYROukCU3','MZqq0-1bkvGgXzgkVuyw4','buy',1.0,414.0,0.0,'2022-05-18','NSE',1775257949);
INSERT INTO transactions VALUES('SdeLWV19KYCHiem3RACVr','rN1VUvEWFbzyWZh6JHCiq','buy',3.0,1327.0,0.0,'2022-05-18','NSE',1775257955);
INSERT INTO transactions VALUES('wsIrUFsaSiGCdI1RtCPsI','MZqq0-1bkvGgXzgkVuyw4','buy',6.0,400.0,0.0,'2022-05-19','NSE',1775257949);
INSERT INTO transactions VALUES('OROBOyWsrJDwfJ7RNdrT8','hSIN-8HIM5Tj7R3ec9l3s','buy',3.0,1423.0,0.0,'2022-05-19','BSE',1775257943);
INSERT INTO transactions VALUES('xy3zwBZUwkNa65Ue4n2v9','pqVgopBe9kb3bip22dEcG','buy',6.0,227.3999939999999925,0.0,'2022-05-19','NSE',1775257949);
INSERT INTO transactions VALUES('5YXgez4k6gtJIRhdisGfe','estuXUjBPl79eyL1ap6Yc','buy',2.0,1027.0,0.0,'2022-05-23','NSE',1775257955);
INSERT INTO transactions VALUES('JRbuPcV7CRo_GAoh7K1_d','eENzoRs09eRI8t1Be6kVk','buy',4.0,126.3000030000000037,0.0,'2022-05-24','NSE',1775257956);
INSERT INTO transactions VALUES('SXQ86Vz7TPGg6MEsznNaw','eENzoRs09eRI8t1Be6kVk','buy',8.0,126.3000030000000037,0.0,'2022-05-24','NSE',1775257956);
INSERT INTO transactions VALUES('3Habxc7NX6-1NKkNPG2mL','estuXUjBPl79eyL1ap6Yc','buy',2.0,1008.0,0.0,'2022-05-24','NSE',1775257955);
INSERT INTO transactions VALUES('8Ww8pZ5uj_3VJ1mZa3XCZ','pqVgopBe9kb3bip22dEcG','buy',6.0,227.1000060000000075,0.0,'2022-05-24','NSE',1775257949);
INSERT INTO transactions VALUES('8bOpE4gc1x8XIRolpKiAq','Se2kDpdFWzqdJ3H-phwoR','buy',15.0,143.5,0.0,'2022-05-27','NSE',1775257952);
INSERT INTO transactions VALUES('Oi850dJx__OdrQjYWlaO1','Z4QbsfpJQltB0X-qmD3Y4','buy',5.0,1781.5,0.0,'2022-06-01','NSE',1775257946);
INSERT INTO transactions VALUES('OP7k77dH6FkwRRlhh0hv6','1gIICAtb2EtUoc2mF0YHt','buy',12.0,188.0,0.0,'2022-06-03','NSE',1775257956);
INSERT INTO transactions VALUES('eW0GoCl5q_ZwHpLslsZbQ','b00hyoNbCzOaXBJuZv3dX','buy',12.0,286.0,0.0,'2022-06-03','NSE',1775257957);
INSERT INTO transactions VALUES('wpCiWvbvLwrMajvgP8bya','GH3u7itu2Vxk5ZkpiCwnl','buy',166.1270000000000095,30.09600000000000008,0.0,'2022-06-21','BSE',1775263683);
INSERT INTO transactions VALUES('OVqMQOpqMhuu_xEC8nVvK','_vmYTL-30UemMHZPWsuBS','buy',23.1230000000000011,216.2287000000000034,0.0,'2022-06-21','BSE',1775263684);
INSERT INTO transactions VALUES('8hjtEO94PL6x6WXfebrFy','S5K9E2C8CrahmfwluwcyL','buy',3.0,2387.0,0.0,'2022-07-08','NSE',1775257954);
INSERT INTO transactions VALUES('wPT6HJ2Jp4gRMANdjklfO','ACPv0ezEtg_UWs17enw57','sell',1.0,4213.649902000000111,0.0,'2022-07-29','BSE',1775257945);
INSERT INTO transactions VALUES('UI7yWKdl8WPLmHgxX-m2s','ACPv0ezEtg_UWs17enw57','sell',1.0,4214.100097999999889,0.0,'2022-07-29','BSE',1775257945);
INSERT INTO transactions VALUES('c9JfZ-M2t4JWZ1ir6dQXm','MZqq0-1bkvGgXzgkVuyw4','sell',24.0,430.0,0.0,'2022-07-29','NSE',1775257949);
INSERT INTO transactions VALUES('lOBgtFBs0GfVaGEnvAm7-','b00hyoNbCzOaXBJuZv3dX','sell',12.0,314.25,0.0,'2022-07-29','BSE',1775257957);
INSERT INTO transactions VALUES('CIdC1Tak-_bsDwUL6VOVI','Z4QbsfpJQltB0X-qmD3Y4','sell',5.0,2214.600097999999889,0.0,'2022-08-03','NSE',1775257946);
INSERT INTO transactions VALUES('yK3eQUHlr2YPMUrE4cdfB','S5K9E2C8CrahmfwluwcyL','sell',6.0,2530.0,0.0,'2022-08-05','NSE',1775257954);
INSERT INTO transactions VALUES('JfI7FLfBxmkVUIHqgus84','vtN-UNZOZJRMIL1ggpv7r','buy',39.0,130.0,0.0,'2022-08-12','NSE',1775257958);
INSERT INTO transactions VALUES('oioUIjwGw39xkwbTS4FQr','nyVD0-hMmg9siY4Qan-2V','sell',5.0,401.0,0.0,'2022-08-24','NSE',1775257944);
INSERT INTO transactions VALUES('rfw0u8BXWf_ZOxIl6mgYY','d5FPX6WCzjTmydIqkQOoU','buy',3.0,3129.0,0.0,'2022-09-01','NSE',1775257943);
INSERT INTO transactions VALUES('oC2sBtO_KuTkLWB5KY8iE','E59xLgMh3SNbaT5kgcgJ_','buy',1043.52800000000002,9.58239999999999981,0.0,'2022-09-20','BSE',1775263684);
INSERT INTO transactions VALUES('ZhH5drcSrq8iHVCf7qQTt','d5FPX6WCzjTmydIqkQOoU','buy',3.0,3000.0,0.0,'2022-09-21','NSE',1775257943);
INSERT INTO transactions VALUES('hRU67O0TtroUTXOsv7B15','hSIN-8HIM5Tj7R3ec9l3s','buy',9.0,1370.0,0.0,'2022-09-21','BSE',1775257943);
INSERT INTO transactions VALUES('yNN2kwEtKR-pMY7OOS6ph','8Rq-TMsY1cN5dlnJ0y8Dj','buy',12.0,185.4499969999999963,0.0,'2022-09-26','NSE',1775257951);
INSERT INTO transactions VALUES('7c90VZMzEiRYfNuC0SkoQ','okLTfwEPhM5GttMnzq902','sell',3.0,757.0,0.0,'2022-09-26','NSE',1775257942);
INSERT INTO transactions VALUES('VZ_AfNKumzbgXVqovBDAc','GH3u7itu2Vxk5ZkpiCwnl','buy',299.7180000000000177,33.36299999999999955,0.0,'2022-10-04','BSE',1775263683);
INSERT INTO transactions VALUES('SJLvlSMv-osUsslLS70NA','_vmYTL-30UemMHZPWsuBS','buy',38.34100000000000108,260.8041000000000053,0.0,'2022-10-04','BSE',1775263684);
INSERT INTO transactions VALUES('v073viMDFAyOCtg9qTTho','GH3u7itu2Vxk5ZkpiCwnl','buy',151.9029999999999916,32.91400000000000147,0.0,'2022-10-13','BSE',1775263683);
INSERT INTO transactions VALUES('orAWChLh47PW6j2j7Jncu','_vmYTL-30UemMHZPWsuBS','buy',19.42500000000000071,257.386099999999999,0.0,'2022-10-13','BSE',1775263684);
INSERT INTO transactions VALUES('TeXKSKlcCkOBcPe5E-ad5','GH3u7itu2Vxk5ZkpiCwnl','buy',140.4310000000000115,35.60300000000000153,0.0,'2022-12-13','BSE',1775263683);
INSERT INTO transactions VALUES('qaTuR83lKyL9LM3lUR0AC','_vmYTL-30UemMHZPWsuBS','buy',17.78399999999999892,281.1304999999999837,0.0,'2022-12-13','BSE',1775263684);
INSERT INTO transactions VALUES('0qEkBI4DfE3Xlf7ZHP0bS','GH3u7itu2Vxk5ZkpiCwnl','buy',565.5670000000000072,35.3609999999999971,0.0,'2022-12-15','BSE',1775263683);
INSERT INTO transactions VALUES('ZKhdHHns4VIp34Z1pACEL','_vmYTL-30UemMHZPWsuBS','buy',71.84799999999999898,278.3509000000000241,0.0,'2022-12-15','BSE',1775263684);
INSERT INTO transactions VALUES('rrO9mTsu5D_SpCg2WTY6h','wIVmrzlSvFCn4Q7ZYhAic','sell',1.0,3274.149902000000111,0.0,'2023-01-27','BSE',1775257946);
INSERT INTO transactions VALUES('fKjiXQH4RJ3klHEhvSpvw','BB6s1Cp3HlA2MdnyZQ1tz','buy',41.36399999999999721,604.366899999999987,0.0,'2023-02-03','BSE',1775263685);
INSERT INTO transactions VALUES('W1sUnactWlaf-0G553jCG','BB6s1Cp3HlA2MdnyZQ1tz','buy',82.72700000000000386,604.366899999999987,0.0,'2023-02-03','BSE',1775263685);
INSERT INTO transactions VALUES('BIZH6p5iSSTEV74y56ObM','8Rq-TMsY1cN5dlnJ0y8Dj','buy',9.0,193.0,0.0,'2023-02-07','NSE',1775257951);
INSERT INTO transactions VALUES('IkTCmaNMHs0vGLLKLL5NY','estuXUjBPl79eyL1ap6Yc','sell',4.0,1132.5,0.0,'2023-02-07',unistr('2023-02-07\u0009SELL\u000940\u0009113.25\u00094,530.00\u0009NSE'),1775258759);
INSERT INTO transactions VALUES('191wVxTjSZfgmutVaSp5n','8Rq-TMsY1cN5dlnJ0y8Dj','buy',10.0,191.3000030000000037,0.0,'2023-02-23','NSE',1775257951);
INSERT INTO transactions VALUES('8OZDZWRW4gCWN17iKFL7J','BB6s1Cp3HlA2MdnyZQ1tz','buy',41.19500000000000028,606.8382000000000289,0.0,'2023-03-01','BSE',1775263685);
INSERT INTO transactions VALUES('JsiRlvEo1YDBqQQUeXKJf','8Rq-TMsY1cN5dlnJ0y8Dj','buy',12.0,189.0,0.0,'2023-03-02','NSE',1775257951);
INSERT INTO transactions VALUES('BmBWp7EjPzJAYIgVHU2eq','vtN-UNZOZJRMIL1ggpv7r','sell',39.0,161.8000000000000113,0.0,'2023-03-09',NULL,1775258894);
INSERT INTO transactions VALUES('Baw6KYdcIdncVSXw02jB-','S5K9E2C8CrahmfwluwcyL','buy',5.0,2314.0,0.0,'2023-03-13','NSE',1775257954);
INSERT INTO transactions VALUES('M597-fqZGml0_iq3n0ids','W8ad-3wtJ5i_XQlzjqT8T','buy',6.0,866.0,0.0,'2023-03-14','NSE',1775257947);
INSERT INTO transactions VALUES('L3xhAZdtKYSTgKefCixaD','S5K9E2C8CrahmfwluwcyL','buy',4.0,2182.0,0.0,'2023-03-20','NSE',1775257954);
INSERT INTO transactions VALUES('eD6h3-0Dvqvq1XuOCegDC','hSIN-8HIM5Tj7R3ec9l3s','buy',3.0,1366.0,0.0,'2023-03-29','BSE',1775257943);
INSERT INTO transactions VALUES('jLkx8sPJe4YgLLFN6qoOI','E59xLgMh3SNbaT5kgcgJ_','buy',1138.843000000000075,8.780400000000000204,0.0,'2023-03-31','BSE',1775263684);
INSERT INTO transactions VALUES('POCLwuCpmSCoq354NizNR','hSIN-8HIM5Tj7R3ec9l3s','buy',5.0,1238.699951000000055,0.0,'2023-04-17','NSE',1775257943);
INSERT INTO transactions VALUES('rSJ9mrbDxNHElGKsp8ZGJ','hSIN-8HIM5Tj7R3ec9l3s','buy',1.0,1238.699951000000055,0.0,'2023-04-17','NSE',1775257943);
INSERT INTO transactions VALUES('oLjeUHjneOJgCPK9T759I','AEh6gDOIsdEG-jCaAJCbN','sell',2.0,475.0,0.0,'2023-04-25','NSE',1775257947);
INSERT INTO transactions VALUES('LvoLKkAdtB_sIIfx_SfUv','PZeqYUIvZvO62YZPbvRe9','buy',13.26699999999999946,3768.601500000000214,0.0,'2023-05-02','BSE',1775263685);
INSERT INTO transactions VALUES('TAdWLH8jqf25hxdRv2dEJ','W8ad-3wtJ5i_XQlzjqT8T','sell',6.0,936.799987999999985,0.0,'2023-05-11','NSE',1775257947);
INSERT INTO transactions VALUES('AOtAclRvlKKKWWh5hJBbE','QahyXtytRVpAQDExa5akA','buy',3.0,2223.800048999999945,0.0,'2023-05-23','NSE',1775257958);
INSERT INTO transactions VALUES('_Rd-u2wfMA-tee10EHLAd','cy8-oD5I-rQXnwbFk2Ab8','buy',901.88900000000001,55.43639999999999902,0.0,'2023-06-15','BSE',1775263686);
INSERT INTO transactions VALUES('-eA1GzX0ooDZoSDvwQoOb','PZeqYUIvZvO62YZPbvRe9','buy',13.09999999999999965,3816.591699999999947,0.0,'2023-07-03','BSE',1775263685);
INSERT INTO transactions VALUES('NdVnvNe7zrLv5lxSCUwN-','ey0hjf-dKLL859ddVTIuh','buy',7.0,185.5,0.0,'2023-07-17','NSE',1775257959);
INSERT INTO transactions VALUES('gQ7cOCCHhulW_DH3qFito','ey0hjf-dKLL859ddVTIuh','buy',20.0,185.5,0.0,'2023-07-17','NSE',1775257959);
INSERT INTO transactions VALUES('k5z6_Rjx2o8DPT4cdrZy0','QahyXtytRVpAQDExa5akA','sell',3.0,2592.0,0.0,'2023-07-25','NSE',1775257958);
INSERT INTO transactions VALUES('M19U7uXWsQ6muLXLXqCxE','BB6s1Cp3HlA2MdnyZQ1tz','buy',79.62399999999999523,627.9208999999999606,0.0,'2023-07-31','BSE',1775263685);
INSERT INTO transactions VALUES('cj5Q9f6PvAMIqYZU1s0T7','2zhERUylgIABWnrE0MO8l','buy',6.0,1790.0,0.0,'2023-08-14','NSE',1775257960);
INSERT INTO transactions VALUES('aHfnlWP20KOcDqTbyMVep','EhWNjA1gjpmq4u8iWaBR9','buy',5.0,825.0,0.0,'2023-08-29','NSE',1775257961);
INSERT INTO transactions VALUES('O7sGeB7ztkxs0-GBQ6CVl','EhWNjA1gjpmq4u8iWaBR9','buy',1.0,825.0,0.0,'2023-08-29','NSE',1775257961);
INSERT INTO transactions VALUES('Q3GaD212_rJ2683zXLJqK','3Nydci6oOW35VR1V1I1hH','buy',2.0,2490.0,0.0,'2023-09-12','NSE',1775257961);
INSERT INTO transactions VALUES('Pmqs08flcnl2KwtlxKNDE','eENzoRs09eRI8t1Be6kVk','sell',12.0,141.9499969999999963,0.0,'2023-09-12','NSE',1775257956);
INSERT INTO transactions VALUES('AdZnW_TGw3Blp502c2iGC','3Nydci6oOW35VR1V1I1hH','buy',2.0,2475.0,0.0,'2023-09-15','NSE',1775257961);
INSERT INTO transactions VALUES('aRRtNrcpfV4vc84c6rGIz','rN1VUvEWFbzyWZh6JHCiq','buy',3.0,1570.0,0.0,'2023-09-20','NSE',1775257955);
INSERT INTO transactions VALUES('eg_d2e7ADZQH1V-Z6JqLe','rN1VUvEWFbzyWZh6JHCiq','buy',4.0,1546.800048999999945,0.0,'2023-09-21','BSE',1775257955);
INSERT INTO transactions VALUES('G5KHn5-qH3XuECqaVIqTp','rN1VUvEWFbzyWZh6JHCiq','buy',1.0,1547.0,0.0,'2023-09-21','BSE',1775257955);
INSERT INTO transactions VALUES('6ZuZVXXwOLWhRV_fJL1EE','rN1VUvEWFbzyWZh6JHCiq','buy',3.0,1517.0,0.0,'2023-09-27','BSE',1775257955);
INSERT INTO transactions VALUES('1-N2xmhk3rjqNJXQEFzsb','GH3u7itu2Vxk5ZkpiCwnl','buy',376.5059999999999718,39.83800000000000096,0.0,'2023-10-03','BSE',1775263683);
INSERT INTO transactions VALUES('b1u8pZ1mR-WuVoQSDhIpt','_vmYTL-30UemMHZPWsuBS','buy',49.54899999999999949,302.713799999999992,0.0,'2023-10-03','BSE',1775263684);
INSERT INTO transactions VALUES('SpjVwuu_8Uxdr39ZZSyAO','rN1VUvEWFbzyWZh6JHCiq','buy',3.0,1509.0,0.0,'2023-10-03','BSE',1775257955);
INSERT INTO transactions VALUES('ke-YZ5k5MWb_49kqvcFt-','GH3u7itu2Vxk5ZkpiCwnl','buy',126.6239999999999953,39.48499999999999944,0.0,'2023-10-04','BSE',1775263683);
INSERT INTO transactions VALUES('tXzZjZc7y-fOpZy7HOmQA','_vmYTL-30UemMHZPWsuBS','buy',16.75400000000000134,298.4250000000000113,0.0,'2023-10-04','BSE',1775263684);
INSERT INTO transactions VALUES('5jrYLZB_dCs-QCAr1JA3z','d5FPX6WCzjTmydIqkQOoU','buy',1.0,3550.0,0.0,'2023-10-13','NSE',1775257943);
INSERT INTO transactions VALUES('lEssuIWkzdidcwTJAulPx','d5FPX6WCzjTmydIqkQOoU','buy',6.0,3545.0,0.0,'2023-10-16','NSE',1775257943);
INSERT INTO transactions VALUES('40GN9yIkTLhUm6qs3wDVv','d5FPX6WCzjTmydIqkQOoU','buy',2.0,3545.0,0.0,'2023-10-16','NSE',1775257943);
INSERT INTO transactions VALUES('CHQlJmXzc-EHFuc3MwNAg','GH3u7itu2Vxk5ZkpiCwnl','buy',259.559000000000026,38.52499999999999858,0.0,'2023-10-25','BSE',1775263683);
INSERT INTO transactions VALUES('MYdRXejKlbx3BixUJX3Ha','_vmYTL-30UemMHZPWsuBS','buy',34.38700000000000045,290.7896000000000071,0.0,'2023-10-25','BSE',1775263684);
INSERT INTO transactions VALUES('zyBV_Y9T0nE4JDFTQtwTf','GH3u7itu2Vxk5ZkpiCwnl','buy',259.3430000000000177,38.55700000000000216,0.0,'2023-10-31','BSE',1775263683);
INSERT INTO transactions VALUES('hGbykrJz5XIFAZzhUITCH','_vmYTL-30UemMHZPWsuBS','buy',33.92300000000000181,294.7697999999999752,0.0,'2023-10-31','BSE',1775263684);
INSERT INTO transactions VALUES('VcNH2xAqnc_v0Sg39ojZK','x_DGaOvzPWWXtjcItSGx_','buy',1.0,18.39999999999999857,0.0,'2023-11-12','NSE',1775257962);
INSERT INTO transactions VALUES('zZ0J_uTfpBsAixqgMlQ1i','x_DGaOvzPWWXtjcItSGx_','sell',1.0,19.75,0.0,'2023-11-21','NSE',1775257962);
INSERT INTO transactions VALUES('V4bj5uAM3KIPLusUjBXJi','Se2kDpdFWzqdJ3H-phwoR','sell',15.0,190.0,0.0,'2023-11-22','BSE',1775257952);
INSERT INTO transactions VALUES('VTQbXOyi2-d4oFTUBUGHz','XOpBki-C9mk_L9n9RL9hH','buy',10.0,677.0,0.0,'2024-02-01','NSE',1775257962);
INSERT INTO transactions VALUES('23ZmoRy2Z-p0KbPI1va8F','rN1VUvEWFbzyWZh6JHCiq','buy',4.0,1385.0,0.0,'2024-02-12','NSE',1775257955);
INSERT INTO transactions VALUES('7Sv1bvb-UuM4ftGMCydCD','H9EOjvAZF0BrtrbXA9Rxs','buy',3.0,2900.0,0.0,'2024-02-26','NSE',1775257963);
INSERT INTO transactions VALUES('Qjkk57jvK1-gYIvd9G06n','XOpBki-C9mk_L9n9RL9hH','buy',10.0,652.4850097999999434,0.0,'2024-02-27','NSE',1775257962);
INSERT INTO transactions VALUES('K-RZMsLAvH3fzLJ5rb9tK','2zhERUylgIABWnrE0MO8l','buy',3.0,1692.0,0.0,'2024-02-28','BSE',1775257960);
INSERT INTO transactions VALUES('y1CyJhak2bve6iabFr0So','3Nydci6oOW35VR1V1I1hH','buy',3.0,2315.0,0.0,'2024-03-13','BSE',1775257961);
INSERT INTO transactions VALUES('o1Qj_gqosegqAXAOWbAh0','EhWNjA1gjpmq4u8iWaBR9','buy',6.0,690.0,0.0,'2024-03-13','NSE',1775257961);
INSERT INTO transactions VALUES('RGgRHU3c9TS-HxGmNiLgg','GH3u7itu2Vxk5ZkpiCwnl','buy',112.492999999999995,44.44500000000000028,0.0,'2024-03-19','BSE',1775263687);
INSERT INTO transactions VALUES('LcV-NuY206nZgLYGA0Nd6','_vmYTL-30UemMHZPWsuBS','buy',13.42800000000000082,372.3272000000000048,0.0,'2024-03-19','BSE',1775263687);
INSERT INTO transactions VALUES('FfrdT-AQvNtdM-fXDUvU8','3Nydci6oOW35VR1V1I1hH','buy',2.0,2191.0,0.0,'2024-04-15','BSE',1775257961);
INSERT INTO transactions VALUES('wUQbC5ddWOwm2vWljBaeu','2zhERUylgIABWnrE0MO8l','buy',3.0,1622.90002400000003,0.0,'2024-04-25','BSE',1775257960);
INSERT INTO transactions VALUES('_YCVdaS1ctRXl-kYKWrUq','H9EOjvAZF0BrtrbXA9Rxs','buy',3.0,2706.0,0.0,'2024-05-09','NSE',1775257963);
INSERT INTO transactions VALUES('uhjqUqv06b7n2dS7Fp38p','oEWONGCYwHosZF3srq_zW','buy',70.00600000000000022,285.6736000000000217,0.0,'2024-08-05','BSE',1775263688);
INSERT INTO transactions VALUES('1bkC3u0fr8YuK_ziOD76p','8Rq-TMsY1cN5dlnJ0y8Dj','buy',30.0,266.0,0.0,'2024-08-06','NSE',1775257964);
INSERT INTO transactions VALUES('gZuYrgIVcyy7_jWxBikR3','iV_8sR4mH7Ofk_PyeI9l4','buy',39.72699999999999675,251.7043999999999926,0.0,'2024-10-29','BSE',1775263688);
INSERT INTO transactions VALUES('PWvmG3_kgQ1Ud_Lcd3h1r','Ipin4_DxL__SMszU6eEia','buy',75.0,67.26999700000000359,0.0,'2024-11-01','NSE',1775257965);
INSERT INTO transactions VALUES('lrhGwrQFoBfFcBi5VDXN6','crIu-lVfUeGf7wmVIlpCB','buy',48.0,108.0,0.0,'2024-11-01','NSE',1775257965);
INSERT INTO transactions VALUES('jOcRkNtY4LNRhtVPL0kZB','jQb_C8z3X63CMD68lymje','buy',72.0,70.94999699999999621,0.0,'2024-11-01','NSE',1775257964);
INSERT INTO transactions VALUES('dEvxczvyUhcnIiPxoOcvZ','lPLkAophMES_oB52DhD4C','buy',9.0,246.1999969999999963,0.0,'2024-11-01','Adjustment: pre-existing shares from outside tradebook',1775259884);
INSERT INTO transactions VALUES('MvPlKP-lfc6jS4pVLM2GA','8Rq-TMsY1cN5dlnJ0y8Dj','buy',21.0,266.9299930000000244,0.0,'2024-11-05','BSE',1775257964);
INSERT INTO transactions VALUES('LhhP-r-cZ7Idl8WhviNs8','S5K9E2C8CrahmfwluwcyL','buy',3.0,1279.65002400000003,0.0,'2024-11-08','NSE',1775257954);
INSERT INTO transactions VALUES('V7oAfDhmJCnN7qRTXaNyH','H9EOjvAZF0BrtrbXA9Rxs','buy',2.0,2511.0,0.0,'2024-11-11','NSE',1775257963);
INSERT INTO transactions VALUES('cSKW9Iv14hwju-aIyfdui','8Rq-TMsY1cN5dlnJ0y8Dj','buy',21.0,266.1000060000000075,0.0,'2024-11-12','NSE',1775257964);
INSERT INTO transactions VALUES('FrS3XacvWfyiXyYlB3B1S','8Rq-TMsY1cN5dlnJ0y8Dj','buy',12.0,265.6000060000000075,0.0,'2024-11-12','NSE',1775257964);
INSERT INTO transactions VALUES('T0-NeGG53CKjQjgYOO1tw','8Rq-TMsY1cN5dlnJ0y8Dj','buy',21.0,263.3999939999999925,0.0,'2024-11-13','NSE',1775257964);
INSERT INTO transactions VALUES('auipfNMIUHphWWQx_fKgh','lPLkAophMES_oB52DhD4C','buy',18.0,307.7999879999999849,0.0,'2024-11-13','BSE',1775257966);
INSERT INTO transactions VALUES('jvrSzJaQqNWXfxdgoYx55','8Rq-TMsY1cN5dlnJ0y8Dj','buy',21.0,259.9200129999999831,0.0,'2024-11-21','NSE',1775257964);
INSERT INTO transactions VALUES('ew6JU-EHpoAe_Q0u_RuFt','Ae3Ka5MCS4znFBBv4dQ-p','buy',78.0,66.31999999999999317,0.0,'2024-11-21','NSE',1775257967);
INSERT INTO transactions VALUES('jkW8ZMB6Vx3ZlK5UAuwl7','ACPv0ezEtg_UWs17enw57','buy',2.0,3624.850097999999889,0.0,'2024-12-02','NSE',1775257945);
INSERT INTO transactions VALUES('NmgbMX9FCX-C_oanUv4YO','7EvP9hlZHIEnV0YVpaU1n','buy',114.0,87.98999799999999994,0.0,'2024-12-19','NSE',1775257967);
INSERT INTO transactions VALUES('nB_Uc15770PgIyFIR0S7O','fm-iWa30iqVhsLqpymR5I','buy',60.0,83.16999800000000676,0.0,'2024-12-20','NSE',1775257968);
INSERT INTO transactions VALUES('LYImlYanlx59F_X6m4v7r','6L4CB1rps9KvY5MOPLhZ5','sell',1.0,2480.0,0.0,'2024-12-26','BSE',1775257944);
INSERT INTO transactions VALUES('2GRF24LDG1sACzlaD-2Cu','ey0hjf-dKLL859ddVTIuh','sell',5.0,110.1500020000000006,0.0,'2024-12-31','BSE',1775257959);
INSERT INTO transactions VALUES('dEDF1pPjgflnQUXXdMFwQ','ey0hjf-dKLL859ddVTIuh','sell',22.0,110.0999979999999994,0.0,'2024-12-31','BSE',1775257959);
INSERT INTO transactions VALUES('OLwfDG0XnaxcJkirf3p1s','OJRorunxAOOhYMlF2PNOq','sell',4.0,508.2000120000000151,0.0,'2025-01-06','BSE',1775257952);
INSERT INTO transactions VALUES('eF7OSJPdyS0pDNDPMcQhb','1gIICAtb2EtUoc2mF0YHt','sell',12.0,170.1000060000000075,0.0,'2025-01-07','NSE',1775257956);
INSERT INTO transactions VALUES('6R0DBv666JHJzcenV6wCe','hSIN-8HIM5Tj7R3ec9l3s','sell',27.0,1902.0,0.0,'2025-01-08','NSE',1775257943);
INSERT INTO transactions VALUES('_5QiyunSI_quKcTSag3eS','hSIN-8HIM5Tj7R3ec9l3s','sell',3.0,1902.0,0.0,'2025-01-08','NSE',1775257943);
INSERT INTO transactions VALUES('5uion0ooAdvRr7UBke51P','rN1VUvEWFbzyWZh6JHCiq','sell',21.0,1661.09997599999997,0.0,'2025-01-09','NSE',1775257955);
INSERT INTO transactions VALUES('FTnKC63mSaL_c08092r4_','8Rq-TMsY1cN5dlnJ0y8Dj','sell',125.0,255.9600069999999903,0.0,'2025-01-13',NULL,1775259852);
INSERT INTO transactions VALUES('KBWQClUUSfBlJGDvuOhxT','8Rq-TMsY1cN5dlnJ0y8Dj','sell',100.0,255.9600069999999903,0.0,'2025-01-13',NULL,1775259860);
INSERT INTO transactions VALUES('_wfsehYnOAI2zSQP7tOOM','8Rq-TMsY1cN5dlnJ0y8Dj','sell',10.0,256.0,0.0,'2025-01-13',NULL,1775259866);
INSERT INTO transactions VALUES('MZpGuNJut2-n6pD9u_rjA','fHeS5LhYC6K-8LRPPyMS2','sell',12.0,1240.199951000000055,0.0,'2025-01-13','BSE',1775257953);
INSERT INTO transactions VALUES('FpPofZgjJyAR4WOUzBZ3A','1OwpSzFKUDUsB2tyf_uF2','buy',300.0,22.95999899999999983,0.0,'2025-01-30','NSE',1775257968);
INSERT INTO transactions VALUES('nRawn96AQLDEErQuep-8I','LNsQ6zPpxh9_vnDK03MWW','buy',1.0,5237.75,0.0,'2025-02-10','NSE',1775257969);
INSERT INTO transactions VALUES('PSUqWf6BJGE8lcr5U2ZHD','LNsQ6zPpxh9_vnDK03MWW','buy',1.0,5237.75,0.0,'2025-02-10','NSE',1775257969);
INSERT INTO transactions VALUES('KcO_FeprO9PUmrs2x8Vi3','AXvjlTxe-IgAgUlmjA0gh','buy',180.0,56.77999899999999656,0.0,'2025-02-11','BSE',1775257970);
INSERT INTO transactions VALUES('T8UqA3_93aXNVneEUH_lN','1OwpSzFKUDUsB2tyf_uF2','buy',260.0,22.95999899999999983,0.0,'2025-02-12','NSE',1775257968);
INSERT INTO transactions VALUES('45RcKrSdeQyKLyeUel9AI','1OwpSzFKUDUsB2tyf_uF2','buy',40.0,22.95999899999999983,0.0,'2025-02-12','NSE',1775257968);
INSERT INTO transactions VALUES('oNGqlkDqZkgl1w5EsTDoh','Ae3Ka5MCS4znFBBv4dQ-p','buy',93.0,58.34999799999999937,0.0,'2025-02-12','NSE',1775257967);
INSERT INTO transactions VALUES('94XnKDd8TpNq6A2CFyjfk','Ae3Ka5MCS4znFBBv4dQ-p','buy',87.0,58.34999799999999937,0.0,'2025-02-12','NSE',1775257967);
INSERT INTO transactions VALUES('HssISqLTGTbw26ILwr4fH','H9EOjvAZF0BrtrbXA9Rxs','buy',2.0,2206.399902000000111,0.0,'2025-02-12','NSE',1775257963);
INSERT INTO transactions VALUES('Q2_FQATqkCOOcw8mcDZmZ','SCPI1U90p1TgWpruAS4fv','buy',60.0,93.0299990000000036,0.0,'2025-02-12','NSE',1775257970);
INSERT INTO transactions VALUES('0ZXuChz7-yJCsrXvk3UhX','lPLkAophMES_oB52DhD4C','buy',45.0,230.0099950000000035,0.0,'2025-02-12','NSE',1775257966);
INSERT INTO transactions VALUES('dGlGMzExb96mzXS8p63Cy','8Rq-TMsY1cN5dlnJ0y8Dj','buy',50.0,254.6699979999999926,0.0,'2025-02-17','NSE',1775257964);
INSERT INTO transactions VALUES('4HI5Ysniewc-GP9XCQh_m','8Rq-TMsY1cN5dlnJ0y8Dj','buy',36.0,254.6699979999999926,0.0,'2025-02-18','NSE',1775257964);
INSERT INTO transactions VALUES('hmGw2vRwbXho3feB-K3CS','8Rq-TMsY1cN5dlnJ0y8Dj','buy',14.0,254.6699979999999926,0.0,'2025-02-18','NSE',1775257964);
INSERT INTO transactions VALUES('fONLrjNSddWTTyau5xh2q','1OwpSzFKUDUsB2tyf_uF2','buy',71.0,21.89999999999999857,0.0,'2025-02-24','BSE',1775257968);
INSERT INTO transactions VALUES('t16YFEzP8gg0N5T9U6Ods','1OwpSzFKUDUsB2tyf_uF2','buy',79.0,21.89999999999999857,0.0,'2025-02-24','BSE',1775257968);
INSERT INTO transactions VALUES('IrA5qL0SB9JvshupjyZG2','3Nydci6oOW35VR1V1I1hH','buy',6.0,2222.399902000000111,0.0,'2025-02-24','BSE',1775257961);
INSERT INTO transactions VALUES('qDCCBf1fqmpOJUDSQ1Wj-','8Rq-TMsY1cN5dlnJ0y8Dj','buy',17.0,253.5,0.0,'2025-02-24','NSE',1775257964);
INSERT INTO transactions VALUES('BL0S1FGrdBtSKVEeDjGJP','8Rq-TMsY1cN5dlnJ0y8Dj','buy',18.0,253.5,0.0,'2025-02-24','NSE',1775257964);
INSERT INTO transactions VALUES('HHMi593sKhdjvJisw3Zg9','8Rq-TMsY1cN5dlnJ0y8Dj','buy',15.0,253.5,0.0,'2025-02-24','NSE',1775257964);
INSERT INTO transactions VALUES('n51DNEQJqUHMGKO9QeFES','8Rq-TMsY1cN5dlnJ0y8Dj','buy',36.0,252.6000060000000075,0.0,'2025-02-24','NSE',1775257964);
INSERT INTO transactions VALUES('UlX8DGW8rSTtEMsQ3FNun','8Rq-TMsY1cN5dlnJ0y8Dj','buy',25.0,252.6000060000000075,0.0,'2025-02-24','NSE',1775257964);
INSERT INTO transactions VALUES('kR21ZmwZX4XIVre0Lkfyy','8Rq-TMsY1cN5dlnJ0y8Dj','buy',39.0,252.6000060000000075,0.0,'2025-02-24','NSE',1775257964);
INSERT INTO transactions VALUES('oj4krif3DfTRhk9K8l4ur','Ae3Ka5MCS4znFBBv4dQ-p','buy',102.0,56.99000199999999695,0.0,'2025-02-24','NSE',1775257967);
INSERT INTO transactions VALUES('p-24HCTJYXrbLiKTKnMjD','uRxzQepiwuHzZ_rnAqy0_','buy',295.6229999999999905,84.56279999999999575,0.0,'2025-02-24','BSE',1775263689);
INSERT INTO transactions VALUES('7SE5T4VWawUgkWqLt4JlU','ACPv0ezEtg_UWs17enw57','buy',4.0,3499.850097999999889,0.0,'2025-02-27','NSE',1775257945);
INSERT INTO transactions VALUES('T3MiEm5Nwy3uqgDZphOWG','Ae3Ka5MCS4znFBBv4dQ-p','buy',100.0,55.99000199999999695,0.0,'2025-02-27','NSE',1775257967);
INSERT INTO transactions VALUES('Q6szIbs6IU3LOEi4jCwI-','3Nydci6oOW35VR1V1I1hH','buy',6.0,2191.0,0.0,'2025-02-28','BSE',1775257961);
INSERT INTO transactions VALUES('eMPMk10O3Oc1LnkJAPbHR','8Rq-TMsY1cN5dlnJ0y8Dj','buy',50.0,247.0,0.0,'2025-02-28','NSE',1775257964);
INSERT INTO transactions VALUES('Io9k6jXqGP8I5x8uC2IMH','8Rq-TMsY1cN5dlnJ0y8Dj','buy',50.0,248.1999969999999963,0.0,'2025-02-28','NSE',1775257964);
INSERT INTO transactions VALUES('6UTHtcDd9AwFwanQ7uMp3','uRxzQepiwuHzZ_rnAqy0_','buy',299.4169999999999731,83.49129999999999541,0.0,'2025-02-28','BSE',1775263689);
INSERT INTO transactions VALUES('sGszElqSYoCGwYF24pIbF','lPLkAophMES_oB52DhD4C','buy',72.0,206.2400049999999965,0.0,'2025-03-03','NSE',1775257966);
INSERT INTO transactions VALUES('y2oTtgFz-mzekRxtoK1kQ','1OwpSzFKUDUsB2tyf_uF2','buy',350.0,20.69000099999999876,0.0,'2025-03-04','NSE',1775257968);
INSERT INTO transactions VALUES('1Vt34p565tEjPgJKSUM2l','LNsQ6zPpxh9_vnDK03MWW','buy',1.0,4891.600097999999889,0.0,'2025-03-04','NSE',1775257969);
INSERT INTO transactions VALUES('_04jy6TlAuqes5mpztdj1','crIu-lVfUeGf7wmVIlpCB','buy',114.0,87.59999799999999937,0.0,'2025-03-05','NSE',1775257965);
INSERT INTO transactions VALUES('HYitiTS02kAtY4_AUmlZZ','LNsQ6zPpxh9_vnDK03MWW','buy',1.0,4913.0,0.0,'2025-03-10','NSE',1775257969);
INSERT INTO transactions VALUES('EEbS63oolck5CMLw3t2cg','8Rq-TMsY1cN5dlnJ0y8Dj','buy',100.0,245.1000060000000075,0.0,'2025-04-07','NSE',1775257964);
INSERT INTO transactions VALUES('E654Wn6War_ULUPOGz3j5','uRxzQepiwuHzZ_rnAqy0_','buy',304.641999999999996,82.05939999999999657,0.0,'2025-04-07','BSE',1775263689);
INSERT INTO transactions VALUES('FYsV6bmGdSNgRkLnOd2o3','UjIDPPP2aKXlkmdJHkCXv','buy',2869.115999999999986,17.4261000000000017,0.0,'2025-04-08','BSE',1775263690);
INSERT INTO transactions VALUES('j_x7vfrzv7dgY5tx3DMTj','ACPv0ezEtg_UWs17enw57','sell',6.0,3893.399902000000111,0.0,'2025-05-09','BSE',1775257945);
INSERT INTO transactions VALUES('Brow-sXXESiVpoYDDfxiR','H9EOjvAZF0BrtrbXA9Rxs','sell',1.0,2254.0,0.0,'2025-05-09','NSE',1775257963);
INSERT INTO transactions VALUES('X9X_0hHi5kjSP-vb8epl-','H9EOjvAZF0BrtrbXA9Rxs','sell',1.0,2254.0,0.0,'2025-05-09','NSE',1775257963);
INSERT INTO transactions VALUES('95a0MvH8RClapUuuFozkv','H9EOjvAZF0BrtrbXA9Rxs','sell',3.0,2254.0,0.0,'2025-05-09','NSE',1775257963);
INSERT INTO transactions VALUES('UqD-SyypsYaRg1twUyWqv','H9EOjvAZF0BrtrbXA9Rxs','sell',5.0,2254.0,0.0,'2025-05-09','NSE',1775257963);
INSERT INTO transactions VALUES('z5FqOugl01MqdWvLWdV6S','LNsQ6zPpxh9_vnDK03MWW','sell',1.0,5079.0,0.0,'2025-05-09','NSE',1775257969);
INSERT INTO transactions VALUES('7USsylggd27S391YfGShF','LNsQ6zPpxh9_vnDK03MWW','sell',3.0,5079.0,0.0,'2025-05-09','NSE',1775257969);
INSERT INTO transactions VALUES('ZROHkC4Gk-qWrPH3A1OXN','S5K9E2C8CrahmfwluwcyL','sell',12.0,2409.309999999999946,0.0,'2025-05-09',unistr('sell considering corporate action (2025-05-09\u0009SELL\u000921\u00091,376.75\u000928,911.75\u0009BSE) -> 12 became 21'),1775258597);
INSERT INTO transactions VALUES('glZY-GlHbemZl1wDXqUrt','SCPI1U90p1TgWpruAS4fv','sell',60.0,89.84999799999999937,0.0,'2025-05-09','BSE',1775257970);
INSERT INTO transactions VALUES('KJnDG55jBgpnkQVgcML73','jQb_C8z3X63CMD68lymje','sell',72.0,60.07000000000000028,0.0,'2025-05-09','BSE',1775257964);
INSERT INTO transactions VALUES('ysupRSvDe_VpUZMHD6bcK','lPLkAophMES_oB52DhD4C','sell',144.0,246.1999969999999963,0.0,'2025-05-09',NULL,1775259891);
INSERT INTO transactions VALUES('MqmOD9J9KUDzU7U2V5MFx','pqVgopBe9kb3bip22dEcG','sell',12.0,360.1499939999999925,0.0,'2025-05-09','NSE',1775257949);
INSERT INTO transactions VALUES('-t2fylM3vgd3YO4avSCqy','2zhERUylgIABWnrE0MO8l','sell',2.0,2070.5,0.0,'2025-05-15','BSE',1775257960);
INSERT INTO transactions VALUES('IGomlQaFe7Q2dXggvmomB','2zhERUylgIABWnrE0MO8l','sell',10.0,2070.649902000000111,0.0,'2025-05-15','BSE',1775257960);
INSERT INTO transactions VALUES('BU_VMhMjn8QX9lswJsY3X','2GwoYAOHj2DtFdIDyWyEt','buy',102.0,97.1999969999999963,0.0,'2025-07-07','NSE',1775257971);
INSERT INTO transactions VALUES('u_3DxuZ1K5aGChzM7_nc7','1gIICAtb2EtUoc2mF0YHt','buy',132.0,150.3000030000000037,0.0,'2025-07-24','BSE',1775257956);
INSERT INTO transactions VALUES('zcSorChm3edW5ZittxsLE','m7otwxA35owAEaJvalbZ2','buy',21.0,0.0100000000000000002,0.0,'2025-08-06','HUL demerger - received from HINDUNILVR.NS holding',1775263077);
INSERT INTO transactions VALUES('8nwiomCj1VTaartChGTO2','-tFK5F9Xifil2YeIOikZP','buy',15.0,364.0,0.0,'2025-08-29','NSE',1775257971);
INSERT INTO transactions VALUES('uF2UV4fDibpPW851_rRPV','-tFK5F9Xifil2YeIOikZP','buy',23.0,364.0,0.0,'2025-08-29','NSE',1775257971);
INSERT INTO transactions VALUES('oTeVgIIxWtdJH42IBaYow','-tFK5F9Xifil2YeIOikZP','buy',4.0,364.0,0.0,'2025-08-29','NSE',1775257971);
INSERT INTO transactions VALUES('kuCQ8XFtzo2VDEYrinr94','-tFK5F9Xifil2YeIOikZP','buy',4.0,364.0,0.0,'2025-08-29','NSE',1775257971);
INSERT INTO transactions VALUES('9sJrbLaB0O0m0ra7h2K3C','-tFK5F9Xifil2YeIOikZP','buy',2.0,364.0,0.0,'2025-08-29','NSE',1775257971);
INSERT INTO transactions VALUES('zy_0sR2JZQ6OHqKSe8PTr','-tFK5F9Xifil2YeIOikZP','buy',2.0,364.0,0.0,'2025-08-29','NSE',1775257971);
INSERT INTO transactions VALUES('ZWHQt_s4mwIeCBsnK-ZnX','-tFK5F9Xifil2YeIOikZP','buy',3.0,363.7999879999999849,0.0,'2025-08-29','NSE',1775257971);
INSERT INTO transactions VALUES('8y8Vi_fsS5mqqhGwphASK','-tFK5F9Xifil2YeIOikZP','buy',1.0,363.7999879999999849,0.0,'2025-08-29','NSE',1775257971);
INSERT INTO transactions VALUES('PwF396uWwUjLCPKRZAZOx','S5K9E2C8CrahmfwluwcyL','buy',15.0,1354.800048999999945,0.0,'2025-08-29','NSE',1775257954);
INSERT INTO transactions VALUES('mgJ2aegQYuTMSyMsZtTQf','LNsQ6zPpxh9_vnDK03MWW','buy',1.0,4684.0,0.0,'2025-09-26','NSE',1775257969);
INSERT INTO transactions VALUES('d4cAHPqU1cyKDL_lsMM1Z','LNsQ6zPpxh9_vnDK03MWW','buy',2.0,4684.0,0.0,'2025-09-26','NSE',1775257969);
INSERT INTO transactions VALUES('3CjwnysLOmuPqexN6pXm9','RAyfN-DhbaotmZvtcn2IO','buy',13.0,1169.5,0.0,'2025-10-08','NSE',1775257972);
INSERT INTO transactions VALUES('n6L-Ci52HkC5iUoHqPJOo','RAyfN-DhbaotmZvtcn2IO','buy',2.0,1169.40002400000003,0.0,'2025-10-08','NSE',1775257972);
INSERT INTO transactions VALUES('MkHKHPvlGaS87lIFZc3-l','fHeS5LhYC6K-8LRPPyMS2','buy',12.0,1345.050048999999945,0.0,'2025-10-31','BSE',1775257953);
INSERT INTO transactions VALUES('__yNqPslPt_efsdQiItqH','5NUZgplEFr72oJJHEjNZN','buy',2.0,1765.40002400000003,0.0,'2025-12-23','NSE',1775257973);
INSERT INTO transactions VALUES('ZCtnzbOACtu-AbMJF7bDv','5NUZgplEFr72oJJHEjNZN','buy',2.0,1765.40002400000003,0.0,'2025-12-23','NSE',1775257973);
INSERT INTO transactions VALUES('U8I7HJw0Att5Fn4Hq2leb','5NUZgplEFr72oJJHEjNZN','buy',2.0,1765.40002400000003,0.0,'2025-12-23','NSE',1775257973);
INSERT INTO transactions VALUES('EJtdibj9k20glMxD7eti5','5NUZgplEFr72oJJHEjNZN','buy',6.0,1765.40002400000003,0.0,'2025-12-23','NSE',1775257973);
INSERT INTO transactions VALUES('4IdBy5xZvw6UhR2IFDPRA','t6hnW9_5A-ab5Ho-OBYkH','buy',22.03500000000000014,2269.034000000000105,0.0,'2025-12-23','BSE',1775263690);
INSERT INTO transactions VALUES('jESJaIO4xGejof9uCZbhb','_Jt2pDh51o61ipkExjllh','buy',51.0,430.0,0.0,'2025-12-30','NSE',1775257973);
INSERT INTO transactions VALUES('gVcA1p3T925BYXCf9sbpu','m4X85IcncCi5gBOu7cp6Z','buy',33.09499999999999887,3021.452999999999975,0.0,'2026-01-05','BSE',1775263691);
INSERT INTO transactions VALUES('deTX3J0NvbwQO1spJ4p2E','ld5qdoegXISLSwhBZT___','buy',60.0,346.0,0.0,'2026-01-06','NSE',1775259209);
INSERT INTO transactions VALUES('sOSDHGDK_4XZhjU83qT6k','m4X85IcncCi5gBOu7cp6Z','buy',33.08899999999999864,3021.963000000000192,0.0,'2026-01-06','BSE',1775263691);
INSERT INTO transactions VALUES('k9lS7AOo1fNzJHxaNHXk_','AXvjlTxe-IgAgUlmjA0gh','buy',330.0,56.13000100000000003,0.0,'2026-01-09','NSE',1775259209);
INSERT INTO transactions VALUES('4DLH2n63LeJTttZDGd24Y','LNsQ6zPpxh9_vnDK03MWW','buy',6.0,3912.199951000000055,0.0,'2026-01-13','NSE',1775259209);
INSERT INTO transactions VALUES('926LEOVW2uzpo_lfJFu9-','MuEstP5jFFTt78PLeosod','buy',400.6610000000000013,49.91499999999999915,0.0,'2026-01-19','BSE',1775263691);
INSERT INTO transactions VALUES('7WA8BQpDndMpySOetJqem','X53kR4dwuiMV-uzznuuup','buy',89.77200000000000558,222.7760000000000104,0.0,'2026-01-19','BSE',1775263692);
INSERT INTO transactions VALUES('lJWHMVbXsQJ0gJGQj8DSl','p9s5WoWAKRSQURWc7-s6Z','buy',1209.458000000000083,16.53549999999999898,0.0,'2026-01-19','BSE',1775263693);
INSERT INTO transactions VALUES('vIvBA3i9f5-o3xHShWtQM','psMB0wyj4VTmcKG-WXAFL','buy',81.74200000000000443,244.65979999999999,0.0,'2026-01-19','BSE',1775263693);
INSERT INTO transactions VALUES('p7z6zqOWbxxStzLwU4_rs','t6hnW9_5A-ab5Ho-OBYkH','buy',4.413000000000000255,2265.943000000000212,0.0,'2026-01-19','BSE',1775263690);
INSERT INTO transactions VALUES('MpJUTfY8CNT3HFwRFhS4A','uRxzQepiwuHzZ_rnAqy0_','buy',106.5469999999999971,93.8503999999999933,0.0,'2026-01-19','BSE',1775263694);
INSERT INTO transactions VALUES('Qakb2wtmECc3cpe7Jaq7K','wT3vhMY-I7sFT_qFFPy9H','buy',30.0,700.0,0.0,'2026-01-20','NSE',1775259209);
INSERT INTO transactions VALUES('cd4VBdFAwbX2kXSv5njgv','4SztUQhKXyPH8GkBKQ0dw','buy',15.0,1360.0,0.0,'2026-01-21','NSE',1775259210);
INSERT INTO transactions VALUES('uE3fce7LU00NkH-uRBYOq','CoZ25siAqNn5oqohX2ckn','buy',51.0,464.0,0.0,'2026-01-21','NSE',1775259210);
INSERT INTO transactions VALUES('hPT-0xciV1Cq9kLZB1Zqx','WJMBa76QQCiQk2cG7WXQm','buy',51.0,417.0,0.0,'2026-01-21','NSE',1775259211);
INSERT INTO transactions VALUES('6pdjWYzTQ-1zwsI09m6vE','rN1VUvEWFbzyWZh6JHCiq','buy',21.0,917.5999759999999697,0.0,'2026-01-21','BSE',1775259211);
INSERT INTO transactions VALUES('IKGx5ZcZwPqLm_PyP8pNM','kFiP7FBPFC2RSlqGrUXWA','buy',33.0,603.8499759999999697,0.0,'2026-01-23','NSE',1775259211);
INSERT INTO transactions VALUES('bB3_7RMrUGnh3NuLsHS4U','MuEstP5jFFTt78PLeosod','buy',522.6910000000000309,47.82699999999999819,0.0,'2026-01-27','BSE',1775263691);
INSERT INTO transactions VALUES('Nzw9hw79_uJ-adQnb3I6-','X53kR4dwuiMV-uzznuuup','buy',114.7549999999999955,217.8449999999999989,0.0,'2026-01-27','BSE',1775263692);
INSERT INTO transactions VALUES('RNrWEYHXD78zM5AJBdzps','wYY49PTJMk94vV20R-1Dh','buy',1.0,304.2000120000000151,0.0,'2026-01-27','NSE',1775259212);
INSERT INTO transactions VALUES('fCP4JsH8z4IUJk_LKcoJq','wYY49PTJMk94vV20R-1Dh','buy',1.0,304.2000120000000151,0.0,'2026-01-27','NSE',1775259212);
INSERT INTO transactions VALUES('-njJ40U0h1lNhV1AMvp15','wYY49PTJMk94vV20R-1Dh','buy',1.0,304.2000120000000151,0.0,'2026-01-27','NSE',1775259212);
INSERT INTO transactions VALUES('z2mFobA6j4wmZkIFQzr77','wYY49PTJMk94vV20R-1Dh','buy',1.0,304.2000120000000151,0.0,'2026-01-27','NSE',1775259212);
INSERT INTO transactions VALUES('-MrkkQYtrs3cGGdFu3jaa','wYY49PTJMk94vV20R-1Dh','buy',1.0,304.2000120000000151,0.0,'2026-01-27','NSE',1775259212);
INSERT INTO transactions VALUES('nMXPLzbWb9q9gfIQFJaFf','wYY49PTJMk94vV20R-1Dh','buy',2.0,304.2000120000000151,0.0,'2026-01-27','NSE',1775259212);
INSERT INTO transactions VALUES('oeVJhLfw6pdbba1asXug5','wYY49PTJMk94vV20R-1Dh','buy',2.0,304.2000120000000151,0.0,'2026-01-27','NSE',1775259212);
INSERT INTO transactions VALUES('fbim4-HBI-Yqt-FfXk_3n','wYY49PTJMk94vV20R-1Dh','buy',57.0,304.2000120000000151,0.0,'2026-01-27','NSE',1775259212);
INSERT INTO transactions VALUES('FCLaGY9WsXxO8fsS26plE','O6O-axAo8fF68IUoQ5rT0','buy',3.0,10100.0,0.0,'2026-01-30','NSE',1775259212);
INSERT INTO transactions VALUES('qA9Zs_eRKRqgAcIVAyVkf','8Rq-TMsY1cN5dlnJ0y8Dj','buy',108.0,280.0,0.0,'2026-02-01','NSE',1775259212);
INSERT INTO transactions VALUES('5GKS_zV-IKSB3Vj-JYgxW','wT3vhMY-I7sFT_qFFPy9H','buy',45.0,674.9199830000000019,0.0,'2026-02-01','NSE',1775259209);
INSERT INTO transactions VALUES('VuZTfi6e3DGpTLdyBRB-U','7EvP9hlZHIEnV0YVpaU1n','sell',10.0,215.4700009999999964,0.0,'2026-02-02','NSE',1775259212);
INSERT INTO transactions VALUES('1Iy24QkDNNUWtRqZoOwrP','7EvP9hlZHIEnV0YVpaU1n','sell',104.0,215.2700040000000001,0.0,'2026-02-02','NSE',1775259212);
INSERT INTO transactions VALUES('kTsjEe1iIRZzwWLq9faym','AXvjlTxe-IgAgUlmjA0gh','buy',375.0,53.0,0.0,'2026-02-02','NSE',1775259209);
INSERT INTO transactions VALUES('PlTRcXn7dvvVDtKCw1LAI','fm-iWa30iqVhsLqpymR5I','sell',60.0,209.3699949999999888,0.0,'2026-02-02','NSE',1775259212);
INSERT INTO transactions VALUES('qGdI7VDO9zxg8J6XsI4Ww','MuEstP5jFFTt78PLeosod','buy',399.8600000000000136,50.01500000000000056,0.0,'2026-02-06','BSE',1775263691);
INSERT INTO transactions VALUES('PsxL182_Dii60M8MAzKRk','X53kR4dwuiMV-uzznuuup','buy',89.29699999999999705,223.9610000000000127,0.0,'2026-02-06','BSE',1775263692);
INSERT INTO transactions VALUES('xwWRWh35yGphN8WtjBUa2','Zate5ONus46COQ-xSt6QF','buy',12.0,1330.90002400000003,0.0,'2026-02-06','NSE',1775259213);
INSERT INTO transactions VALUES('Pfy6HckZIxmaLhWqWxCKS','psMB0wyj4VTmcKG-WXAFL','buy',82.06900000000000261,243.686000000000007,0.0,'2026-02-06','BSE',1775263693);
INSERT INTO transactions VALUES('iw-xdVta0L-ocH0PKmliJ','t6hnW9_5A-ab5Ho-OBYkH','buy',4.408999999999999809,2268.172000000000025,0.0,'2026-02-06','BSE',1775263690);
INSERT INTO transactions VALUES('hhM4EMACUKsxCM4osOyQB','uRxzQepiwuHzZ_rnAqy0_','buy',106.6149999999999949,93.7911000000000001,0.0,'2026-02-06','BSE',1775263694);
INSERT INTO transactions VALUES('VFTvTSN0LSDLlDEw-ib8q','d5FPX6WCzjTmydIqkQOoU','buy',6.0,2877.0,0.0,'2026-02-12','NSE',1775259213);
INSERT INTO transactions VALUES('SACDbEJRofwGtgQwOutuO','hSIN-8HIM5Tj7R3ec9l3s','buy',20.0,1400.0,0.0,'2026-02-12','NSE',1775259213);
INSERT INTO transactions VALUES('_2Gu9V-x8ctfElYO4_TAq','Y_vOeXtOv9ZbzRSmj-khn','buy',500.0,34.86999899999999997,0.0,'2026-02-13','NSE',1775259214);
INSERT INTO transactions VALUES('zjPApGlQaelperApLndRE','Y_vOeXtOv9ZbzRSmj-khn','buy',600.0,34.0,0.0,'2026-02-24','NSE',1775259214);
INSERT INTO transactions VALUES('WFWvIvvSUmsjMZKwn_O0p','MuEstP5jFFTt78PLeosod','buy',519.44399999999996,48.12599999999999767,0.0,'2026-03-02','BSE',1775263691);
INSERT INTO transactions VALUES('u--61TqJbr5uqLYw-Lqgp','X53kR4dwuiMV-uzznuuup','buy',113.5390000000000014,220.1769999999999925,0.0,'2026-03-02','BSE',1775263692);
INSERT INTO transactions VALUES('k5tE14MWwyBNeSDHzRD3E','psMB0wyj4VTmcKG-WXAFL','buy',84.625,236.3249999999999887,0.0,'2026-03-02','BSE',1775263693);
INSERT INTO transactions VALUES('WLr_Cx-jiyb3suOiGA_yS','t6hnW9_5A-ab5Ho-OBYkH','buy',6.711999999999999745,2234.639000000000123,0.0,'2026-03-02','BSE',1775263690);
INSERT INTO transactions VALUES('nBdHr6rNMjEYFtE0u5nZd','uRxzQepiwuHzZ_rnAqy0_','buy',164.0660000000000025,91.42199999999999705,0.0,'2026-03-02','BSE',1775263694);
INSERT INTO transactions VALUES('pXLss8DgZeZ-5-HJCbG9M','8Rq-TMsY1cN5dlnJ0y8Dj','buy',150.0,275.4400019999999927,0.0,'2026-03-04','NSE',1775259212);
INSERT INTO transactions VALUES('XZYpvysjwR98j09ygD_WU','EhWNjA1gjpmq4u8iWaBR9','buy',27.0,735.7999879999999849,0.0,'2026-03-04','NSE',1775259214);
INSERT INTO transactions VALUES('ugFxN5vaxshRKuDbt83Rr','RzRKhlA3ypjz4saHXL-Sr','buy',3.0,438.0499879999999849,0.0,'2026-03-04','NSE',1775259214);
INSERT INTO transactions VALUES('qwezD8WpK-jH0eamWf6-R','RzRKhlA3ypjz4saHXL-Sr','buy',42.0,438.0,0.0,'2026-03-04','NSE',1775259214);
INSERT INTO transactions VALUES('9oEKVIpZ8Krix1RNKJZku','bIbDvkSR8iZN9WoIYbUHu','buy',201.0,154.7599950000000035,0.0,'2026-03-04','NSE',1775259215);
INSERT INTO transactions VALUES('375EYHKHqYKdyaiz0X09i','3Nydci6oOW35VR1V1I1hH','buy',9.0,2254.0,0.0,'2026-03-05','BSE',1775259215);
INSERT INTO transactions VALUES('x7x6tVry90sFDQVuLaf3K','m4X85IcncCi5gBOu7cp6Z','sell',66.0,3051.110599999999977,0.0,'2026-03-05','NSE — backfilled from Zerodha tradebook (import had split symbol keys)',1775265431);
INSERT INTO transactions VALUES('rYsBng9wV2Yyz8ZRO8rDJ','wT3vhMY-I7sFT_qFFPy9H','buy',45.0,672.0,0.0,'2026-03-09','NSE',1775259209);
INSERT INTO transactions VALUES('l-o_4wfvJxR7KLZxmxULs','8Rq-TMsY1cN5dlnJ0y8Dj','buy',186.0,269.1000060000000075,0.0,'2026-03-11','NSE',1775259212);
INSERT INTO transactions VALUES('7RlR0SFVRpL6Y-6h-S6_-','hSIN-8HIM5Tj7R3ec9l3s','buy',15.0,1275.0,0.0,'2026-03-11','NSE',1775259213);
INSERT INTO transactions VALUES('etI0uhYVEpALv_swNbHBQ','8Rq-TMsY1cN5dlnJ0y8Dj','buy',90.0,261.2799989999999753,0.0,'2026-03-13','NSE',1775259212);
INSERT INTO transactions VALUES('4BVesPa_r8DuD8DqO88RD','wT3vhMY-I7sFT_qFFPy9H','buy',18.0,665.3200070000000323,0.0,'2026-03-13','NSE',1775259209);
INSERT INTO transactions VALUES('8mdSXuMf4X5efDbUSLM5m','1wMESz1iqwdjJ_HuaEE6I','buy',100.0,210.8099980000000073,0.0,'2026-03-23','NSE',1775259216);
INSERT INTO transactions VALUES('OWPijdcaYIlU4R5WXQLmK','1wMESz1iqwdjJ_HuaEE6I','buy',20.0,210.7599950000000035,0.0,'2026-03-23','NSE',1775259216);
INSERT INTO transactions VALUES('bYaRXkdu6lFdBHFTz_urb','Tjz8MSMpwW1DXznEC5u6Z','buy',112.0,111.7200009999999964,0.0,'2026-03-23','BSE',1775259217);
INSERT INTO transactions VALUES('mSPZIfZsfixKTGViYJSAF','Tjz8MSMpwW1DXznEC5u6Z','buy',38.0,111.7099989999999963,0.0,'2026-03-23','BSE',1775259217);
INSERT INTO transactions VALUES('abV9xvebhASwMUa-iYsb_','cVliMw1zKGjSGjmkPxMUL','buy',150.0,117.8399959999999993,0.0,'2026-03-23','NSE',1775259216);
INSERT INTO transactions VALUES('gl1-5a6AfwhTOdiGsPsOZ','fm-iWa30iqVhsLqpymR5I','buy',120.0,203.0800020000000074,0.0,'2026-03-23','NSE',1775259212);
INSERT INTO transactions VALUES('RiTk_Re2s_S9rMp8mDYXO','MuEstP5jFFTt78PLeosod','buy',560.120999999999981,44.63100000000000022,0.0,'2026-03-30','BSE',1775263691);
INSERT INTO transactions VALUES('8IDfhHP9GMyQF-JYpK91U','X53kR4dwuiMV-uzznuuup','buy',125.3589999999999947,199.4170000000000015,0.0,'2026-03-30','BSE',1775263692);
INSERT INTO transactions VALUES('JaseMcFRLF5ZmTwUxP109','psMB0wyj4VTmcKG-WXAFL','buy',91.30700000000000216,219.0311000000000092,0.0,'2026-03-30','BSE',1775263695);
INSERT INTO transactions VALUES('iRe9a3otieyQgjpVE62CA','t6hnW9_5A-ab5Ho-OBYkH','buy',7.512999999999999901,1996.491999999999962,0.0,'2026-03-30','BSE',1775263690);
INSERT INTO transactions VALUES('yMIxNMNN2biL_quruPtfq','uRxzQepiwuHzZ_rnAqy0_','buy',175.9240000000000065,85.25990000000000179,0.0,'2026-03-30','BSE',1775263694);

-- International stocks & ETFs (IndMoney)
INSERT INTO transactions VALUES('DbKSJPhiwvxpw4fGLElG3','SngkxuZPi2LohlUSTVB_3','buy',2.590107395,257.74,0.0,'2025-01-01','Imported from IndMoney',1775271648);
INSERT INTO transactions VALUES('Mg1WnhD3K2L-tUakrAkb8','5Iat4GeuX1SznKVxq5VYU','buy',2.013752961,202.58,0.0,'2025-01-01','Imported from IndMoney',1775271648);
INSERT INTO transactions VALUES('hsbqZTj8RqumkywE52pDW','wUieQ2F4M6X_jyDvxN2QJ','buy',1.419924494,210.67,0.0,'2025-01-01','Imported from IndMoney',1775271648);
INSERT INTO transactions VALUES('XVibJqRYLdATLm68Vmhll','npJIhVJX05zpLcxiwpo_o','buy',2.768973677,104.68,0.0,'2025-01-01','Imported from IndMoney',1775271648);
INSERT INTO transactions VALUES('GrJ5o0afUakKv0R-KTYjO','of0rYhw30y49CdSli-lhb','buy',0.896081627,296.36,0.0,'2025-01-01','Imported from IndMoney',1775271648);
INSERT INTO transactions VALUES('LPNUtCVSHIF5_MDmOA63P','kGRkMIO6FH5L5o8f9T8DH','buy',1.473963378,162.72,0.0,'2025-01-01','Imported from IndMoney',1775271648);
INSERT INTO transactions VALUES('dCoggY7bpJ_KJv8PiViEK','x8nGfpIAUvqO7TLhtBxnD','buy',2.845901584,80.58,0.0,'2025-01-01','Imported from IndMoney',1775271648);
INSERT INTO transactions VALUES('7E7FxJsQnP2NTW7AXK2Jj','13_bCyUdR1A9cGy4xMOWa','buy',3.0,69.62,0.0,'2025-01-01','Imported from IndMoney',1775271648);
INSERT INTO transactions VALUES('tZZcV6ynX1CvJclkBEhQY','tcQue2BfVzmazjMuovA5U','buy',0.535651411,371.14,0.0,'2025-01-01','Imported from IndMoney',1775271648);
INSERT INTO transactions VALUES('jHdVtlHaQtBeyTCrp-P9z','RMCIVF2b_pZ6QQeL0rIzC','buy',0.567484237,307.87,0.0,'2025-01-01','Imported from IndMoney',1775271648);
INSERT INTO transactions VALUES('GZW_XzfXxg3hs9QE2x4HN','PK6eWXmCySHUwQ0cdoKvJ','buy',1.12733749,154.86,0.0,'2025-01-01','Imported from IndMoney',1775271648);
INSERT INTO transactions VALUES('KFf7JVNvqTxrVzHk7JyHb','cmmMUqjeBI6Vn86bpddPy','buy',0.55990392,310.39,0.0,'2025-01-01','Imported from IndMoney',1775271648);
INSERT INTO transactions VALUES('gNVL1knHQFY2_mAvJ1fN2','ZVr1pROvP1urACc8yFozz','buy',1.0,168.71,0.0,'2025-01-01','Imported from IndMoney',1775271648);
INSERT INTO transactions VALUES('_JzOVS38HWHeVQO-HOR-X','ET1_8rzsGZBLlJeKG3ka7','buy',3.0,47.73,0.0,'2025-01-01','Imported from IndMoney',1775271648);
INSERT INTO transactions VALUES('r0CjCkWlRzEM9VXva-LW2','QrX0XEypchz7FQOQXmSK4','buy',2.0,56.19,0.0,'2025-01-01','Imported from IndMoney',1775271648);
INSERT INTO transactions VALUES('MCQDqwWxLEWqIQwREdIab','Z_s8ouROQ54vSE1-zWSoT','buy',1.84756698,57.74,0.0,'2025-01-01','Imported from IndMoney',1775271648);
INSERT INTO transactions VALUES('ChxXnAoi5M5-0KbsPMrQJ','JHW7XL6Xj8KHPaBuupBZN','buy',4.0,26.53,0.0,'2025-01-01','Imported from IndMoney',1775271648);
INSERT INTO transactions VALUES('p0hoxqx-PWYcrjD1mmdFB','3KW1ljrXixnOUoTWFEKGz','buy',1.1769676,84.91,0.0,'2025-01-01','Imported from IndMoney',1775271648);
INSERT INTO transactions VALUES('qMaW5RJJcd_YWaGieWJec','SFSz6BLvFzen_LDOIA1sN','buy',0.586434589,170.28,0.0,'2025-01-01','Imported from IndMoney',1775271648);
INSERT INTO transactions VALUES('wBEl7lL3QICnRthXPGts_','X35PDG2bimxH5i4n7NWd6','buy',0.494838709,201.5,0.0,'2025-01-01','Imported from IndMoney',1775271648);
INSERT INTO transactions VALUES('dcdSU68xeblloOcTMw4BX','cUrzkE5thE1a2pe57ztYx','buy',0.208043832,479.27,0.0,'2025-01-01','Imported from IndMoney',1775271648);
INSERT INTO transactions VALUES('DPktv9mtxCAeKoKOKooTn','7NqrB4h0r8HJPmrm7rBSE','buy',0.643938415,154.84,0.0,'2025-01-01','Imported from IndMoney',1775271648);
INSERT INTO transactions VALUES('LDIQxAEUQeKdWkNAJp_0k','RQu3Wjta08_if9sSraXeT','buy',2.0,33.73,0.0,'2025-01-01','Imported from IndMoney',1775271648);
INSERT INTO transactions VALUES('Kf-zM9swmFObnroCvNc3Z','y7gb5p7n5InOT_ZHN5wLf','buy',0.707050701,70.69,0.0,'2025-01-01','Imported from IndMoney',1775271648);
INSERT INTO transactions VALUES('iQVVerBJh8Q5y3qEpQ7an','7Gnx-aTITzQ84cN_AONAB','buy',0.595343178,83.83,0.0,'2025-01-01','Imported from IndMoney',1775271648);

-- ============================================================
-- REALIZED GAINS
-- ============================================================
INSERT INTO realized_gains VALUES('v6GnF7zLf3cnc8_c641zU','ACPv0ezEtg_UWs17enw57','0zsoaNRwoTfpxlxedX3Qi','yGeC2cWxJB9pWz6ZObN7o',1.0,4235.0,4311.399902000000111,76.39990200000011101,1.804011853600947068,'2022-03-02',1775257945);
INSERT INTO realized_gains VALUES('QqdGJmjpX3TWEiYzcMhpG','Z4QbsfpJQltB0X-qmD3Y4','hnaLTsWcmzNgWltQxZQEu','x68biPWX7-Er0W0H-gPMT',1.0,1885.0,1920.0,35.0,1.856763925729442821,'2022-03-04',1775257946);
INSERT INTO realized_gains VALUES('MesM7Ape_vPTeK5EI7PpZ','hSIN-8HIM5Tj7R3ec9l3s','PLDtGreCDYjUvs5SC0yMg','x_SiWfKHk1vvOax9AqaFZ',1.0,1707.5,1776.0,68.5,4.011713030746705932,'2022-03-08',1775257943);
INSERT INTO realized_gains VALUES('TPCImyPlqtBIvAv6hJRJJ','hSIN-8HIM5Tj7R3ec9l3s','PLDtGreCDYjUvs5SC0yMg','pMceBshAgJ_d09m7eT-C0',1.0,1695.0,1776.0,81.0,4.778761061946902977,'2022-03-08',1775257943);
INSERT INTO realized_gains VALUES('zNeXUIm4oKWL813r5VY_G','W8ad-3wtJ5i_XQlzjqT8T','Nq_6smYoUqVG1rAbGptPG','Wn0lGKUE1a-dOkBUZOpeq',2.0,1866.0,2070.0,204.0,10.93247588424437388,'2022-03-22',1775257947);
INSERT INTO realized_gains VALUES('yPyiWQDoqL5GpDxusFi55','Se2kDpdFWzqdJ3H-phwoR','Ih4ftYUOWZhu6ZeLG3VI_','OlhPk08wFedFx8HK5M0tx',12.0,2112.0,2070.0,-42.0,-1.988636363636363535,'2022-03-29',1775257952);
INSERT INTO realized_gains VALUES('UrYP69G75_8tjRCh90e7t','pqVgopBe9kb3bip22dEcG','Y_qhNzXfXspvjf29uqCym','xp94BXhiqAAbwq6jfxEjb',10.0,2260.0,2800.0,540.0,23.89380530973451399,'2022-04-07',1775257949);
INSERT INTO realized_gains VALUES('sh18O1jyeVZ2WSgI8ktle','ACPv0ezEtg_UWs17enw57','wPT6HJ2Jp4gRMANdjklfO','U_7tQkdkkNZmc72v67JMA',1.0,4001.0,4213.649902000000111,212.649902000000111,5.314918820294929347,'2022-07-29',1775257945);
INSERT INTO realized_gains VALUES('A-v9dm5lKLDJCoGehTT3N','ACPv0ezEtg_UWs17enw57','UI7yWKdl8WPLmHgxX-m2s','U_7tQkdkkNZmc72v67JMA',1.0,4001.0,4214.100097999999889,213.100097999999889,5.326170907273178657,'2022-07-29',1775257945);
INSERT INTO realized_gains VALUES('I2FTN7lULev5gSetSDxIJ','MZqq0-1bkvGgXzgkVuyw4','c9JfZ-M2t4JWZ1ir6dQXm','UZW16x1OoNRc1Yk_1tszI',5.0,2062.5,2150.0,87.5,4.242424242424243098,'2022-07-29',1775257949);
INSERT INTO realized_gains VALUES('bGEayCqY9GPAI5FjMTcGd','MZqq0-1bkvGgXzgkVuyw4','c9JfZ-M2t4JWZ1ir6dQXm','NxTdNN14CT3ECQDi8UhIx',1.0,412.5,430.0,17.5,4.242424242424243098,'2022-07-29',1775257949);
INSERT INTO realized_gains VALUES('xQnaawQZEj9pymF0HKc0Q','MZqq0-1bkvGgXzgkVuyw4','c9JfZ-M2t4JWZ1ir6dQXm','XGcqppYALUK0d_Rio1aSR',6.0,2490.0,2580.0,90.0,3.614457831325300851,'2022-07-29',1775257949);
INSERT INTO realized_gains VALUES('_wDvLs8sF_6isQfDz96z4','MZqq0-1bkvGgXzgkVuyw4','c9JfZ-M2t4JWZ1ir6dQXm','E9Z1Uaz6oYZ7G8H29MqXN',3.0,1242.0,1290.0,48.0,3.864734299516908055,'2022-07-29',1775257949);
INSERT INTO realized_gains VALUES('u_i-jGbEh9Wp22DfblKDu','MZqq0-1bkvGgXzgkVuyw4','c9JfZ-M2t4JWZ1ir6dQXm','M19L6JaYvHR-j1cdv5TPc',2.0,828.0,860.0,32.0,3.864734299516908055,'2022-07-29',1775257949);
INSERT INTO realized_gains VALUES('wLRsrGlJ81s5PS7iz8Zmb','MZqq0-1bkvGgXzgkVuyw4','c9JfZ-M2t4JWZ1ir6dQXm','aALuOCRkY-P2zYROukCU3',1.0,414.0,430.0,16.0,3.864734299516908055,'2022-07-29',1775257949);
INSERT INTO realized_gains VALUES('6si5BLZen5IlkUL_kS28t','MZqq0-1bkvGgXzgkVuyw4','c9JfZ-M2t4JWZ1ir6dQXm','wsIrUFsaSiGCdI1RtCPsI',6.0,2400.0,2580.0,180.0,7.5,'2022-07-29',1775257949);
INSERT INTO realized_gains VALUES('yoa9EmrDKVzZuhyN0cv4T','b00hyoNbCzOaXBJuZv3dX','lOBgtFBs0GfVaGEnvAm7-','eW0GoCl5q_ZwHpLslsZbQ',12.0,3432.0,3771.0,339.0,9.87762237762237838,'2022-07-29',1775257957);
INSERT INTO realized_gains VALUES('hQ890rf_C1FJomQ2GSaaF','Z4QbsfpJQltB0X-qmD3Y4','CIdC1Tak-_bsDwUL6VOVI','Oi850dJx__OdrQjYWlaO1',5.0,8907.5,11073.00048999999854,2165.500489999998535,24.31097939938252494,'2022-08-03',1775257946);
INSERT INTO realized_gains VALUES('bso2H9EZ8L8y4gh9FGiLN','S5K9E2C8CrahmfwluwcyL','yK3eQUHlr2YPMUrE4cdfB','4Zx7GMrpw86dKUC9HDKQ5',3.0,7380.0,7590.0,210.0,2.845528455284552561,'2022-08-05',1775257954);
INSERT INTO realized_gains VALUES('lAs3owDJhTwDjn3x_yzSf','S5K9E2C8CrahmfwluwcyL','yK3eQUHlr2YPMUrE4cdfB','8hjtEO94PL6x6WXfebrFy',3.0,7161.0,7590.0,429.0,5.990783410138248221,'2022-08-05',1775257954);
INSERT INTO realized_gains VALUES('997AZwABg4YY5XNruSJrA','nyVD0-hMmg9siY4Qan-2V','oioUIjwGw39xkwbTS4FQr','DQFbMYGadZ9Qdtt5rJEeg',5.0,1920.0,2005.0,85.0,4.427083333333333926,'2022-08-24',1775257944);
INSERT INTO realized_gains VALUES('MYFjODioGglkVs6Znkw-S','okLTfwEPhM5GttMnzq902','7c90VZMzEiRYfNuC0SkoQ','58SGlvaIyQNdZ99CqkCu5',3.0,2169.0,2271.0,102.0,4.702627939142462133,'2022-09-26',1775257942);
INSERT INTO realized_gains VALUES('Qh4_ueTLi0O42hyUM_IEW','wIVmrzlSvFCn4Q7ZYhAic','rrO9mTsu5D_SpCg2WTY6h','6OmMZRaXoULIJAXn1k66_',1.0,1752.90002400000003,3274.149902000000111,1521.24987800000008,86.78474854079868806,'2023-01-27',1775257946);
INSERT INTO realized_gains VALUES('UkoreHKvsyqvivBTsqEZG','estuXUjBPl79eyL1ap6Yc','IkTCmaNMHs0vGLLKLL5NY','5YXgez4k6gtJIRhdisGfe',2.0,2054.0,2265.0,211.0,10.27263875365141211,'2023-02-07',1775258759);
INSERT INTO realized_gains VALUES('27Sfb6xYK--ywJI6NQODF','estuXUjBPl79eyL1ap6Yc','IkTCmaNMHs0vGLLKLL5NY','3Habxc7NX6-1NKkNPG2mL',2.0,2016.0,2265.0,249.0,12.35119047619047628,'2023-02-07',1775258759);
INSERT INTO realized_gains VALUES('85zK4p4r3YHUcNGWPcpSU','vtN-UNZOZJRMIL1ggpv7r','BmBWp7EjPzJAYIgVHU2eq','JfI7FLfBxmkVUIHqgus84',39.0,5070.0,6310.200000000000728,1240.200000000000728,24.46153846153847767,'2023-03-09',1775258894);
INSERT INTO realized_gains VALUES('YhZBIg7yPyacROVsUEsM7','AEh6gDOIsdEG-jCaAJCbN','oLjeUHjneOJgCPK9T759I','OS9HofkQP5bo13Aos6jF4',2.0,900.0,950.0,50.0,5.555555555555555358,'2023-04-25',1775257947);
INSERT INTO realized_gains VALUES('gUGKk-ARRfIpcMFJ4gAEi','W8ad-3wtJ5i_XQlzjqT8T','TAdWLH8jqf25hxdRv2dEJ','M597-fqZGml0_iq3n0ids',6.0,5196.0,5620.799928000000363,424.7999280000003636,8.175518244803701151,'2023-05-11',1775257947);
INSERT INTO realized_gains VALUES('rsumgiV-mkiZqpZ7k9-v3','QahyXtytRVpAQDExa5akA','k5z6_Rjx2o8DPT4cdrZy0','AOtAclRvlKKKWWh5hJBbE',3.0,6671.400147000000289,7776.0,1104.599852999999712,16.55724178824316085,'2023-07-25',1775257958);
INSERT INTO realized_gains VALUES('PtyH8VHmHTGrKekHEFWud','eENzoRs09eRI8t1Be6kVk','Pmqs08flcnl2KwtlxKNDE','JRbuPcV7CRo_GAoh7K1_d',4.0,505.2000120000000151,567.7999879999999849,62.59997599999996964,12.39112717994154877,'2023-09-12',1775257956);
INSERT INTO realized_gains VALUES('UmKsTiISUdUW843qGrPWq','eENzoRs09eRI8t1Be6kVk','Pmqs08flcnl2KwtlxKNDE','SXQ86Vz7TPGg6MEsznNaw',8.0,1010.40002400000003,1135.59997599999997,125.1999519999999393,12.39112717994154877,'2023-09-12',1775257956);
INSERT INTO realized_gains VALUES('CnkgUDwujGKErB7rXMugK','x_DGaOvzPWWXtjcItSGx_','zZ0J_uTfpBsAixqgMlQ1i','VcNH2xAqnc_v0Sg39ojZK',1.0,18.39999999999999857,19.75,1.350000000000001422,7.336956521739137927,'2023-11-21',1775257962);
INSERT INTO realized_gains VALUES('vwWpPaLwvpMZXG-7Mu5u2','Se2kDpdFWzqdJ3H-phwoR','V4bj5uAM3KIPLusUjBXJi','8bOpE4gc1x8XIRolpKiAq',15.0,2152.5,2850.0,697.5,32.40418118466899245,'2023-11-22',1775257952);
INSERT INTO realized_gains VALUES('8bLycSE3qIm3Q50pejtMV','6L4CB1rps9KvY5MOPLhZ5','LYImlYanlx59F_X6m4v7r','vxEJRO7WCnEEjDyOy8qoa',1.0,1735.0,2480.0,745.0,42.93948126801152653,'2024-12-26',1775257944);
INSERT INTO realized_gains VALUES('yTKxE53r10j77U9Nx0CQR','ey0hjf-dKLL859ddVTIuh','2GRF24LDG1sACzlaD-2Cu','NdVnvNe7zrLv5lxSCUwN-',5.0,927.5,550.7500099999999748,-376.7499900000000252,-40.61994501347709275,'2024-12-31',1775257959);
INSERT INTO realized_gains VALUES('xH7Y9BJWJEJQetsV38x27','ey0hjf-dKLL859ddVTIuh','dEDF1pPjgflnQUXXdMFwQ','NdVnvNe7zrLv5lxSCUwN-',2.0,371.0,220.1999959999999988,-150.8000040000000012,-40.64690134770889784,'2024-12-31',1775257959);
INSERT INTO realized_gains VALUES('L9Hk26bh_x_FZAARFBZ_J','ey0hjf-dKLL859ddVTIuh','dEDF1pPjgflnQUXXdMFwQ','gQ7cOCCHhulW_DH3qFito',20.0,3710.0,2201.9999600000001,-1508.0000399999999,-40.64690134770889074,'2024-12-31',1775257959);
INSERT INTO realized_gains VALUES('BA6OZzz4EYcRydEtsId2t','OJRorunxAOOhYMlF2PNOq','OLwfDG0XnaxcJkirf3p1s','nXFdK3yTb4Me4EK_Bs286',4.0,2000.0,2032.80004800000006,32.80004800000006072,1.640002400000003079,'2025-01-06',1775257952);
INSERT INTO realized_gains VALUES('exSIO2noSh_Gg56enNG82','1gIICAtb2EtUoc2mF0YHt','eF7OSJPdyS0pDNDPMcQhb','OP7k77dH6FkwRRlhh0hv6',12.0,2256.0,2041.200072000000091,-214.7999279999999089,-9.52127340425531443,'2025-01-07',1775257956);
INSERT INTO realized_gains VALUES('ztJNSu4UE4RKcAv65enXc','hSIN-8HIM5Tj7R3ec9l3s','6R0DBv666JHJzcenV6wCe','fMUJkpUykOQ5rnaK0zIkP',3.0,4860.0,5706.0,846.0,17.40740740740740833,'2025-01-08',1775257943);
INSERT INTO realized_gains VALUES('SlaNJtyRj3XTqwjMP4KdW','hSIN-8HIM5Tj7R3ec9l3s','6R0DBv666JHJzcenV6wCe','q86nacTWp_aiQqDaheGZk',3.0,4770.0,5706.0,936.0,19.62264150943396502,'2025-01-08',1775257943);
INSERT INTO realized_gains VALUES('iIHnaAyAfb0UFeN8wTV_o','hSIN-8HIM5Tj7R3ec9l3s','6R0DBv666JHJzcenV6wCe','7IiOuWAL4aHypim0TmKxh',3.0,4656.0,5706.0,1050.0,22.55154639175257713,'2025-01-08',1775257943);
INSERT INTO realized_gains VALUES('V8dmEFbxkoWucPBIeU_LW','hSIN-8HIM5Tj7R3ec9l3s','6R0DBv666JHJzcenV6wCe','OROBOyWsrJDwfJ7RNdrT8',3.0,4269.0,5706.0,1437.0,33.66127898805340379,'2025-01-08',1775257943);
INSERT INTO realized_gains VALUES('HUEN1sR2bjLbb256gNQtb','hSIN-8HIM5Tj7R3ec9l3s','6R0DBv666JHJzcenV6wCe','hRU67O0TtroUTXOsv7B15',9.0,12330.0,17118.0,4788.0,38.83211678832117286,'2025-01-08',1775257943);
INSERT INTO realized_gains VALUES('igQCMgpjcSevSncxBFLK1','hSIN-8HIM5Tj7R3ec9l3s','6R0DBv666JHJzcenV6wCe','eD6h3-0Dvqvq1XuOCegDC',3.0,4098.0,5706.0,1608.0,39.23865300146412949,'2025-01-08',1775257943);
INSERT INTO realized_gains VALUES('OwdUfPbCTwNvoqPj7-EaB','hSIN-8HIM5Tj7R3ec9l3s','6R0DBv666JHJzcenV6wCe','POCLwuCpmSCoq354NizNR',3.0,3716.099853000000166,5706.0,1989.900146999999833,53.54808066832642766,'2025-01-08',1775257943);
INSERT INTO realized_gains VALUES('_F9kQLXrjzyNMJY87dcQk','hSIN-8HIM5Tj7R3ec9l3s','_5QiyunSI_quKcTSag3eS','POCLwuCpmSCoq354NizNR',2.0,2477.399902000000111,3804.0,1326.600097999999889,53.54808066832642766,'2025-01-08',1775257943);
INSERT INTO realized_gains VALUES('qeHVh5qI5OzyrQR2QBIii','hSIN-8HIM5Tj7R3ec9l3s','_5QiyunSI_quKcTSag3eS','rSJ9mrbDxNHElGKsp8ZGJ',1.0,1238.699951000000055,1902.0,663.3000489999999444,53.54808066832642766,'2025-01-08',1775257943);
INSERT INTO realized_gains VALUES('6A_3U5hRrvZVKi48gcM07','rN1VUvEWFbzyWZh6JHCiq','5uion0ooAdvRr7UBke51P','SdeLWV19KYCHiem3RACVr',3.0,3981.0,4983.299928000000363,1002.299928000000364,25.17708937452902163,'2025-01-09',1775257955);
INSERT INTO realized_gains VALUES('NPYESSZR5HeLHpqpZHmX0','rN1VUvEWFbzyWZh6JHCiq','5uion0ooAdvRr7UBke51P','aRRtNrcpfV4vc84c6rGIz',3.0,4710.0,4983.299928000000363,273.2999280000003636,5.802546242038224556,'2025-01-09',1775257955);
INSERT INTO realized_gains VALUES('xEOBgvcMx9Lcq3E_MVxcr','rN1VUvEWFbzyWZh6JHCiq','5uion0ooAdvRr7UBke51P','eg_d2e7ADZQH1V-Z6JqLe',4.0,6187.200195999999778,6644.399903999999879,457.1997080000001006,7.38944423190925459,'2025-01-09',1775257955);
INSERT INTO realized_gains VALUES('7X0FR2iIbNKhDQU0Q8-7e','rN1VUvEWFbzyWZh6JHCiq','5uion0ooAdvRr7UBke51P','G5KHn5-qH3XuECqaVIqTp',1.0,1547.0,1661.09997599999997,114.0999759999999697,7.37556405946993987,'2025-01-09',1775257955);
INSERT INTO realized_gains VALUES('lAfZBpYpZgbSmde68XrP6','rN1VUvEWFbzyWZh6JHCiq','5uion0ooAdvRr7UBke51P','6ZuZVXXwOLWhRV_fJL1EE',3.0,4551.0,4983.299928000000363,432.2999280000003636,9.49900962425841299,'2025-01-09',1775257955);
INSERT INTO realized_gains VALUES('n6Desaon8_ys5mwI0vEcF','rN1VUvEWFbzyWZh6JHCiq','5uion0ooAdvRr7UBke51P','SpjVwuu_8Uxdr39ZZSyAO',3.0,4527.0,4983.299928000000363,456.2999280000003636,10.07952127236581319,'2025-01-09',1775257955);
INSERT INTO realized_gains VALUES('dhUv5TICcIRPq9iilsPVQ','rN1VUvEWFbzyWZh6JHCiq','5uion0ooAdvRr7UBke51P','23ZmoRy2Z-p0KbPI1va8F',4.0,5540.0,6644.399903999999879,1104.399903999999878,19.9350163176895272,'2025-01-09',1775257955);
INSERT INTO realized_gains VALUES('Lk1_kwlmla-0OZPSb3kIP','fHeS5LhYC6K-8LRPPyMS2','MZpGuNJut2-n6pD9u_rjA','JMVhEh-VukI8dMX9HFOwC',12.0,8952.0,14882.39941200000066,5930.399412000000667,66.24664222520108581,'2025-01-13',1775257953);
INSERT INTO realized_gains VALUES('qNqHIfbIqi96MmQ0-CsCW','8Rq-TMsY1cN5dlnJ0y8Dj','FTnKC63mSaL_c08092r4_','sFAqAjVSnNywgew2IRNRN',12.0,2160.0,3071.52008399999977,911.5200839999997698,42.20000388888887954,'2025-01-13',1775259852);
INSERT INTO realized_gains VALUES('D0dSux7oWgYqUaFwNVETo','8Rq-TMsY1cN5dlnJ0y8Dj','FTnKC63mSaL_c08092r4_','lJJLjINS8BZH27KuyIHil',24.0,4440.0,6143.04016799999954,1703.040167999999539,38.35676054054052742,'2025-01-13',1775259852);
INSERT INTO realized_gains VALUES('mIBVsAqQI7yX58T1VYBac','8Rq-TMsY1cN5dlnJ0y8Dj','FTnKC63mSaL_c08092r4_','5iPgsNpJr-6tqRNKtHjeC',6.0,1098.0,1535.760041999999885,437.7600419999998849,39.8688562841529901,'2025-01-13',1775259852);
INSERT INTO realized_gains VALUES('zZ_zdPifzSX2Z0beNvNRW','8Rq-TMsY1cN5dlnJ0y8Dj','FTnKC63mSaL_c08092r4_','DnvVf5OUSCfavedZjTB_v',6.0,1067.460023999999976,1535.760041999999885,468.300017999999909,43.8704970182564793,'2025-01-13',1775259852);
INSERT INTO realized_gains VALUES('AuFL3DeO-Kd-MqM5NOKEy','8Rq-TMsY1cN5dlnJ0y8Dj','FTnKC63mSaL_c08092r4_','cjUsO7_yv_kaRkYSikvAy',6.0,1062.0,1535.760041999999885,473.7600419999998849,44.61017344632767134,'2025-01-13',1775259852);
INSERT INTO realized_gains VALUES('DSzH6-Ij3K3cnjHjmgg1D','8Rq-TMsY1cN5dlnJ0y8Dj','FTnKC63mSaL_c08092r4_','Q5xinLIh6-e0vIotAJd0G',12.0,2112.0,3071.52008399999977,959.520083999999769,45.43182215909089904,'2025-01-13',1775259852);
INSERT INTO realized_gains VALUES('ZYufeYPjr-iBzVc1gfVi8','8Rq-TMsY1cN5dlnJ0y8Dj','FTnKC63mSaL_c08092r4_','yNN2kwEtKR-pMY7OOS6ph',12.0,2225.399964000000182,3071.52008399999977,846.1201199999995879,38.02103593455434804,'2025-01-13',1775259852);
INSERT INTO realized_gains VALUES('8klRpdg8BZmxY43gZ8aw5','8Rq-TMsY1cN5dlnJ0y8Dj','FTnKC63mSaL_c08092r4_','BIZH6p5iSSTEV74y56ObM',9.0,1737.0,2303.640062999999827,566.6400629999998272,32.62176528497408868,'2025-01-13',1775259852);
INSERT INTO realized_gains VALUES('pRRyIBus4K1hp4B_dAJ7w','8Rq-TMsY1cN5dlnJ0y8Dj','FTnKC63mSaL_c08092r4_','191wVxTjSZfgmutVaSp5n',10.0,1913.000030000000152,2559.60006999999996,646.600039999999808,33.80031520438605242,'2025-01-13',1775259852);
INSERT INTO realized_gains VALUES('htJgI4S0ZuXFMyhUGzbiY','8Rq-TMsY1cN5dlnJ0y8Dj','FTnKC63mSaL_c08092r4_','JsiRlvEo1YDBqQQUeXKJf',12.0,2268.0,3071.52008399999977,803.5200839999997698,35.42857513227512101,'2025-01-13',1775259852);
INSERT INTO realized_gains VALUES('GsNSRNTdfjMDiw8Krpv6m','8Rq-TMsY1cN5dlnJ0y8Dj','FTnKC63mSaL_c08092r4_','1bkC3u0fr8YuK_ziOD76p',16.0,4256.0,4095.360111999999845,-160.6398880000001554,-3.774433458646619944,'2025-01-13',1775259852);
INSERT INTO realized_gains VALUES('iPzLVbnTWjzhwTDUlGM64','8Rq-TMsY1cN5dlnJ0y8Dj','KBWQClUUSfBlJGDvuOhxT','1bkC3u0fr8YuK_ziOD76p',14.0,3724.0,3583.440098000000034,-140.5599019999999655,-3.774433458646615947,'2025-01-13',1775259860);
INSERT INTO realized_gains VALUES('jmLo8Q9E-NnuZSUBgSwZZ','8Rq-TMsY1cN5dlnJ0y8Dj','KBWQClUUSfBlJGDvuOhxT','MvPlKP-lfc6jS4pVLM2GA',21.0,5605.529853000000912,5375.160146999999597,-230.3697060000013152,-4.109686542418656608,'2025-01-13',1775259860);
INSERT INTO realized_gains VALUES('jMFBB55bilfvqsHNHwypv','8Rq-TMsY1cN5dlnJ0y8Dj','KBWQClUUSfBlJGDvuOhxT','cSKW9Iv14hwju-aIyfdui',21.0,5588.100126000000273,5375.160146999999597,-212.939979000000676,-3.81059705800984938,'2025-01-13',1775259860);
INSERT INTO realized_gains VALUES('vqKCWrFJPMNZ-AJ_kxBS6','8Rq-TMsY1cN5dlnJ0y8Dj','KBWQClUUSfBlJGDvuOhxT','FrS3XacvWfyiXyYlB3B1S',12.0,3187.200072000000091,3071.52008399999977,-115.6799880000003214,-3.629517613791027664,'2025-01-13',1775259860);
INSERT INTO realized_gains VALUES('S1RIY1qWYUrcrb2L8kAuG','8Rq-TMsY1cN5dlnJ0y8Dj','KBWQClUUSfBlJGDvuOhxT','T0-NeGG53CKjQjgYOO1tw',21.0,5531.399873999999727,5375.160146999999597,-156.2397270000001299,-2.824596495624827507,'2025-01-13',1775259860);
INSERT INTO realized_gains VALUES('mlvO7z6ENzrz9y7NJ9wAF','8Rq-TMsY1cN5dlnJ0y8Dj','KBWQClUUSfBlJGDvuOhxT','jvrSzJaQqNWXfxdgoYx55',11.0,2859.120142999999643,2815.560077000000092,-43.56006599999955142,-1.523547938572917814,'2025-01-13',1775259860);
INSERT INTO realized_gains VALUES('eaLWg_9s32l1LEwfTXSTt','8Rq-TMsY1cN5dlnJ0y8Dj','_wfsehYnOAI2zSQP7tOOM','jvrSzJaQqNWXfxdgoYx55',10.0,2599.200129999999717,2560.0,-39.20012999999971726,-1.508161281909435881,'2025-01-13',1775259866);
INSERT INTO realized_gains VALUES('cQ2EBVzpsZ0Au5p87TyOP','ACPv0ezEtg_UWs17enw57','j_x7vfrzv7dgY5tx3DMTj','jkW8ZMB6Vx3ZlK5UAuwl7',2.0,7249.700195999999778,7786.799804000000222,537.099608000000444,7.408576816684689703,'2025-05-09',1775257945);
INSERT INTO realized_gains VALUES('4zBSDFzJ-0dHq50hPX52Z','ACPv0ezEtg_UWs17enw57','j_x7vfrzv7dgY5tx3DMTj','7SE5T4VWawUgkWqLt4JlU',4.0,13999.40039199999956,15573.59960800000044,1574.199216000000888,11.24476171779172696,'2025-05-09',1775257945);
INSERT INTO realized_gains VALUES('zk1xID7xT_-IbLT86kyH5','pqVgopBe9kb3bip22dEcG','MqmOD9J9KUDzU7U2V5MFx','xy3zwBZUwkNa65Ue4n2v9',6.0,1364.399963999999955,2160.899964000000182,796.5000000000002273,58.37731024742245722,'2025-05-09',1775257949);
INSERT INTO realized_gains VALUES('o41iYPaGBJxU_jHDtsSKJ','pqVgopBe9kb3bip22dEcG','MqmOD9J9KUDzU7U2V5MFx','8Ww8pZ5uj_3VJ1mZa3XCZ',6.0,1362.600036000000045,2160.899964000000182,798.2999280000001363,58.58651892770095771,'2025-05-09',1775257949);
INSERT INTO realized_gains VALUES('byo747PKsAebeqjYXAPZW','H9EOjvAZF0BrtrbXA9Rxs','Brow-sXXESiVpoYDDfxiR','7Sv1bvb-UuM4ftGMCydCD',1.0,2900.0,2254.0,-646.0,-22.27586206896551956,'2025-05-09',1775257963);
INSERT INTO realized_gains VALUES('ZmaDpP2wQqlB-vA42izBP','H9EOjvAZF0BrtrbXA9Rxs','X9X_0hHi5kjSP-vb8epl-','7Sv1bvb-UuM4ftGMCydCD',1.0,2900.0,2254.0,-646.0,-22.27586206896551956,'2025-05-09',1775257963);
INSERT INTO realized_gains VALUES('nElWKlBEGbkzBzP0Mrer9','H9EOjvAZF0BrtrbXA9Rxs','95a0MvH8RClapUuuFozkv','7Sv1bvb-UuM4ftGMCydCD',1.0,2900.0,2254.0,-646.0,-22.27586206896551956,'2025-05-09',1775257963);
INSERT INTO realized_gains VALUES('kFhzgD0KfjC-earccnr6k','H9EOjvAZF0BrtrbXA9Rxs','95a0MvH8RClapUuuFozkv','_YCVdaS1ctRXl-kYKWrUq',2.0,5412.0,4508.0,-904.0,-16.7036215816703617,'2025-05-09',1775257963);
INSERT INTO realized_gains VALUES('jz_X68G3DjJcoMi5RJIZm','H9EOjvAZF0BrtrbXA9Rxs','UqD-SyypsYaRg1twUyWqv','_YCVdaS1ctRXl-kYKWrUq',1.0,2706.0,2254.0,-452.0,-16.7036215816703617,'2025-05-09',1775257963);
INSERT INTO realized_gains VALUES('BY-dFeXPCAXjaXaEuQfvo','H9EOjvAZF0BrtrbXA9Rxs','UqD-SyypsYaRg1twUyWqv','V7oAfDhmJCnN7qRTXaNyH',2.0,5022.0,4508.0,-514.0,-10.2349661489446433,'2025-05-09',1775257963);
INSERT INTO realized_gains VALUES('wcWYsREfBYltQyV5v7vox','H9EOjvAZF0BrtrbXA9Rxs','UqD-SyypsYaRg1twUyWqv','HssISqLTGTbw26ILwr4fH',2.0,4412.799804000000222,4508.0,95.200195999999778,2.157364943537777968,'2025-05-09',1775257963);
INSERT INTO realized_gains VALUES('bkkBfz3r43PFyDAC3KHTX','jQb_C8z3X63CMD68lymje','KJnDG55jBgpnkQVgcML73','jOcRkNtY4LNRhtVPL0kZB',72.0,5108.399783999999272,4325.039999999999964,-783.3597839999993084,-15.33473919667676987,'2025-05-09',1775257964);
INSERT INTO realized_gains VALUES('Y8BVspSE26QVpQo5SqA9n','LNsQ6zPpxh9_vnDK03MWW','z5FqOugl01MqdWvLWdV6S','nRawn96AQLDEErQuep-8I',1.0,5237.75,5079.0,-158.75,-3.030881580831464195,'2025-05-09',1775257969);
INSERT INTO realized_gains VALUES('xsBjcMq19CLoFPgOniB-O','LNsQ6zPpxh9_vnDK03MWW','7USsylggd27S391YfGShF','PSUqWf6BJGE8lcr5U2ZHD',1.0,5237.75,5079.0,-158.75,-3.030881580831464195,'2025-05-09',1775257969);
INSERT INTO realized_gains VALUES('bgKaBYz_Zc31zhkCNCElb','LNsQ6zPpxh9_vnDK03MWW','7USsylggd27S391YfGShF','1Vt34p565tEjPgJKSUM2l',1.0,4891.600097999999889,5079.0,187.399902000000111,3.831055242570242214,'2025-05-09',1775257969);
INSERT INTO realized_gains VALUES('uIonPVye1WX-vbCc6Sccv','LNsQ6zPpxh9_vnDK03MWW','7USsylggd27S391YfGShF','HYitiTS02kAtY4_AUmlZZ',1.0,4913.0,5079.0,166.0,3.378790962751882621,'2025-05-09',1775257969);
INSERT INTO realized_gains VALUES('6tbp_au4sZ-K5bTvg3I71','SCPI1U90p1TgWpruAS4fv','glZY-GlHbemZl1wDXqUrt','Q2_FQATqkCOOcw8mcDZmZ',60.0,5581.799939999999879,5390.999880000000302,-190.8000599999995756,-3.418253288382807398,'2025-05-09',1775257970);
INSERT INTO realized_gains VALUES('QzqZhbE3fHIHkLoDHRdDg','S5K9E2C8CrahmfwluwcyL','ZROHkC4Gk-qWrPH3A1OXN','Baw6KYdcIdncVSXw02jB-',5.0,11570.0,12046.54999999999928,476.5499999999992725,4.118841832324972251,'2025-05-09',1775258597);
INSERT INTO realized_gains VALUES('qlVj4fos0DyEiyPr6n5in','S5K9E2C8CrahmfwluwcyL','ZROHkC4Gk-qWrPH3A1OXN','L3xhAZdtKYSTgKefCixaD',4.0,8728.0,9637.23999999999979,909.2399999999997818,10.41750687442712752,'2025-05-09',1775258597);
INSERT INTO realized_gains VALUES('eGq_TdighIKosOrdXv_0Y','S5K9E2C8CrahmfwluwcyL','ZROHkC4Gk-qWrPH3A1OXN','LhhP-r-cZ7Idl8WhviNs8',3.0,3838.950072000000091,7227.930000000000291,3388.979928000000199,88.27882271035693406,'2025-05-09',1775258597);
INSERT INTO realized_gains VALUES('oJEIF62GMezkdIT7RgaR4','lPLkAophMES_oB52DhD4C','ysupRSvDe_VpUZMHD6bcK','dEvxczvyUhcnIiPxoOcvZ',9.0,2215.799973000000137,2215.799973000000137,0.0,0.0,'2025-05-09',1775259891);
INSERT INTO realized_gains VALUES('TYuyh10dFvH4TyRoVtbwa','lPLkAophMES_oB52DhD4C','ysupRSvDe_VpUZMHD6bcK','auipfNMIUHphWWQx_fKgh',18.0,5540.399783999999272,4431.599946000000273,-1108.799837999998999,-20.01299330784897634,'2025-05-09',1775259891);
INSERT INTO realized_gains VALUES('Af7jDNeOZN-ZESmhXOC21','lPLkAophMES_oB52DhD4C','ysupRSvDe_VpUZMHD6bcK','0ZXuChz7-yJCsrXvk3UhX',45.0,10350.44977500000096,11078.99986499999978,728.5500899999988178,7.038825421477867827,'2025-05-09',1775259891);
INSERT INTO realized_gains VALUES('C948DXPeTxGA7jVqlq2uQ','lPLkAophMES_oB52DhD4C','ysupRSvDe_VpUZMHD6bcK','sGszElqSYoCGwYF24pIbF',72.0,14849.28036000000065,17726.39978400000109,2877.119424000000436,19.37548052328645198,'2025-05-09',1775259891);
INSERT INTO realized_gains VALUES('qTX_bZQRTMkcbka0PyS81','2zhERUylgIABWnrE0MO8l','-t2fylM3vgd3YO4avSCqy','cj5Q9f6PvAMIqYZU1s0T7',2.0,3580.0,4141.0,561.0,15.67039106145251282,'2025-05-15',1775257960);
INSERT INTO realized_gains VALUES('L2VnfKRTvLHGO5AHqUho1','2zhERUylgIABWnrE0MO8l','IGomlQaFe7Q2dXggvmomB','cj5Q9f6PvAMIqYZU1s0T7',4.0,7160.0,8282.599608000000444,1122.599608000000444,15.67876547486034334,'2025-05-15',1775257960);
INSERT INTO realized_gains VALUES('WdjFnS_CDHftUY88oTxjJ','2zhERUylgIABWnrE0MO8l','IGomlQaFe7Q2dXggvmomB','K-RZMsLAvH3fzLJ5rb9tK',3.0,5076.0,6211.949706000000333,1135.949706000000334,22.3788358156028444,'2025-05-15',1775257960);
INSERT INTO realized_gains VALUES('TXou2ZVLDLiWrSWasBq_N','2zhERUylgIABWnrE0MO8l','IGomlQaFe7Q2dXggvmomB','wUQbC5ddWOwm2vWljBaeu',3.0,4868.700071999999637,6211.949706000000333,1343.249634000000697,27.58949235187147054,'2025-05-15',1775257960);
INSERT INTO realized_gains VALUES('Wm0P3RVn5GrA9gy8jYl7R','fm-iWa30iqVhsLqpymR5I','PlTRcXn7dvvVDtKCw1LAI','nB_Uc15770PgIyFIR0S7O',60.0,4990.199880000000121,12562.19969999999922,7571.99981999999909,151.7374053561958363,'2026-02-02',1775259212);
INSERT INTO realized_gains VALUES('RathVwKfPG66SxE7xLUZh','7EvP9hlZHIEnV0YVpaU1n','VuZTfi6e3DGpTLdyBRB-U','NmgbMX9FCX-C_oanUv4YO',10.0,879.8999800000000277,2154.70001000000002,1274.800029999999879,144.8801067139471855,'2026-02-02',1775259212);
INSERT INTO realized_gains VALUES('luLC7DzNLwkhqV3JsUbIA','7EvP9hlZHIEnV0YVpaU1n','1Iy24QkDNNUWtRqZoOwrP','NmgbMX9FCX-C_oanUv4YO',104.0,9150.959791999999653,22388.08041600000069,13237.12062400000104,144.6528115616050059,'2026-02-02',1775259212);
INSERT INTO realized_gains VALUES('E-Adm8uzHp8RpCVWO16CB','m4X85IcncCi5gBOu7cp6Z','x7x6tVry90sFDQVuLaf3K','gVcA1p3T925BYXCf9sbpu',33.09499999999999887,99994.9870349999983,100976.5053069999995,981.518272000001161,0.981567477634106456,'2026-03-05',1775265431);
INSERT INTO realized_gains VALUES('PJU0hDaCCST9KuawKCsdG','m4X85IcncCi5gBOu7cp6Z','x7x6tVry90sFDQVuLaf3K','sOSDHGDK_4XZhjU83qT6k',32.90500000000000113,99437.692515000017,100396.7942929999991,959.101777999982004,0.964525376386125454,'2026-03-05',1775265431);

-- ============================================================
-- BENCHMARKS
-- ============================================================
INSERT INTO benchmarks VALUES('cn_sse_composite','000001.SS','SSE Composite (Shanghai)','China',1,1775270557);
INSERT INTO benchmarks VALUES('benchmark_BSESN','^BSESN','BSE Sensex','India',1,1775257929199);
INSERT INTO benchmarks VALUES('benchmark_DJI','^DJI','Dow Jones Industrial Average','US',1,1775257929199);
INSERT INTO benchmarks VALUES('benchmark_FTSE','^FTSE','FTSE 100','UK',1,1775257929199);
INSERT INTO benchmarks VALUES('benchmark_GDAXI','^GDAXI','DAX','Germany',1,1775257929199);
INSERT INTO benchmarks VALUES('benchmark_GSPC','^GSPC','S&P 500','US',1,1775257929199);
INSERT INTO benchmarks VALUES('benchmark_IXIC','^IXIC','NASDAQ Composite','US',1,1775257929199);
INSERT INTO benchmarks VALUES('benchmark_N225','^N225','Nikkei 225','Japan',1,1775257929199);
INSERT INTO benchmarks VALUES('benchmark_NSEI','^NSEI','Nifty 50','India',1,1775257929199);

COMMIT;

PRAGMA foreign_keys = ON;
